-- phpMyAdmin SQL Dump
-- version 4.9.0.1
-- https://www.phpmyadmin.net/
--
-- Host: 127.0.0.1
-- Waktu pembuatan: 21 Des 2021 pada 02.45
-- Versi server: 10.4.6-MariaDB
-- Versi PHP: 7.3.9

SET SQL_MODE = "NO_AUTO_VALUE_ON_ZERO";
SET AUTOCOMMIT = 0;
START TRANSACTION;
SET time_zone = "+00:00";


/*!40101 SET @OLD_CHARACTER_SET_CLIENT=@@CHARACTER_SET_CLIENT */;
/*!40101 SET @OLD_CHARACTER_SET_RESULTS=@@CHARACTER_SET_RESULTS */;
/*!40101 SET @OLD_COLLATION_CONNECTION=@@COLLATION_CONNECTION */;
/*!40101 SET NAMES utf8mb4 */;

--
-- Database: `pratikum7`
--

-- --------------------------------------------------------

--
-- Struktur dari tabel `bagian`
--

CREATE TABLE `bagian` (
  `id` int(11) NOT NULL,
  `nama_bagian` varchar(255) NOT NULL,
  `karyawan_id` int(11) NOT NULL,
  `lokasi_id` int(11) NOT NULL
) ENGINE=InnoDB DEFAULT CHARSET=latin1;

--
-- Dumping data untuk tabel `bagian`
--

INSERT INTO `bagian` (`id`, `nama_bagian`, `karyawan_id`, `lokasi_id`) VALUES
(1, 'Autentikasi', 5, 1),
(2, 'Data Science', 3, 1),
(3, 'Backend Developer', 6, 2);

-- --------------------------------------------------------

--
-- Struktur dari tabel `bagian_karyawan`
--

CREATE TABLE `bagian_karyawan` (
  `id` int(11) NOT NULL,
  `bagian_id` int(11) NOT NULL,
  `karyawan_id` int(11) NOT NULL,
  `tanggal_mulai` date NOT NULL
) ENGINE=InnoDB DEFAULT CHARSET=latin1;

--
-- Dumping data untuk tabel `bagian_karyawan`
--

INSERT INTO `bagian_karyawan` (`id`, `bagian_id`, `karyawan_id`, `tanggal_mulai`) VALUES
(1, 1, 5, '2018-03-03'),
(2, 2, 3, '2018-04-01'),
(3, 3, 6, '2018-04-04'),
(4, 1, 4, '2018-03-03'),
(5, 2, 7, '2018-04-01'),
(6, 3, 8, '2018-04-04');

-- --------------------------------------------------------

--
-- Struktur dari tabel `jabatan`
--

CREATE TABLE `jabatan` (
  `id` int(11) NOT NULL,
  `nama_jabatan` varchar(255) NOT NULL,
  `gapok_jabatan` double NOT NULL,
  `tunjangan_jabatan` double NOT NULL,
  `uang_makan_perhari` double NOT NULL
) ENGINE=InnoDB DEFAULT CHARSET=latin1;

--
-- Dumping data untuk tabel `jabatan`
--

INSERT INTO `jabatan` (`id`, `nama_jabatan`, `gapok_jabatan`, `tunjangan_jabatan`, `uang_makan_perhari`) VALUES
(1, 'System Analyst', 2400000, 500000, 40000),
(2, 'Project Manager', 2300000, 450000, 38000),
(3, 'Senior Programmer', 2200000, 400000, 36000),
(4, 'Junior Programmer', 2100000, 350000, 34000),
(5, 'Magang', 1000000, 100000, 20000),
(6, 'Untuk Coba Hapus', 999, 999, 999);

-- --------------------------------------------------------

--
-- Struktur dari tabel `jabatan_karyawan`
--

CREATE TABLE `jabatan_karyawan` (
  `id` int(11) NOT NULL,
  `jabatan_id` int(11) NOT NULL,
  `karyawan_id` int(11) NOT NULL,
  `tanggal_mulai` date NOT NULL
) ENGINE=InnoDB DEFAULT CHARSET=latin1;

--
-- Dumping data untuk tabel `jabatan_karyawan`
--

INSERT INTO `jabatan_karyawan` (`id`, `jabatan_id`, `karyawan_id`, `tanggal_mulai`) VALUES
(1, 5, 3, '2012-03-03'),
(2, 4, 3, '2013-04-01'),
(3, 5, 4, '2013-04-04'),
(4, 3, 3, '2014-05-04'),
(5, 4, 4, '2015-05-05'),
(6, 5, 5, '2015-05-05'),
(7, 2, 3, '2015-06-01'),
(8, 3, 4, '2015-06-02'),
(9, 4, 5, '2015-06-03'),
(10, 5, 6, '2015-06-06'),
(11, 1, 3, '2016-07-01'),
(12, 2, 4, '2016-07-02'),
(13, 3, 5, '2016-07-02'),
(14, 4, 6, '2016-07-02'),
(15, 5, 7, '2016-07-07'),
(16, 4, 7, '2018-08-02'),
(17, 5, 8, '2018-08-08');

-- --------------------------------------------------------

--
-- Struktur dari tabel `karyawan`
--

CREATE TABLE `karyawan` (
  `id` int(11) NOT NULL,
  `nik` varchar(255) NOT NULL,
  `nama_lengkap` varchar(255) NOT NULL,
  `handphone` varchar(255) NOT NULL,
  `email` varchar(255) NOT NULL,
  `tanggal_masuk` date NOT NULL,
  `pengguna_id` int(11) DEFAULT NULL
) ENGINE=InnoDB DEFAULT CHARSET=latin1;

--
-- Dumping data untuk tabel `karyawan`
--

INSERT INTO `karyawan` (`id`, `nik`, `nama_lengkap`, `handphone`, `email`, `tanggal_masuk`, `pengguna_id`) VALUES
(1, '001', 'Admin', '08112011', 'admin@mail.com', '2011-01-01', 1),
(2, '002', 'Tes User', '08112012', 'user@mail.com', '2012-02-02', 2),
(3, '003', 'vita', '08112013', 'vita@mail.com', '2013-03-03', 3),
(4, '004', 'ulan', '08112014', 'ulann@mail.com', '2014-04-04', 4),
(5, '005', 'titi', '08112015', 'titi@mail.com', '2015-05-05', 5),
(6, '006', 'rahma', '08112016', 'rahma@mail.com', '2016-06-06', 6),
(7, '007', 'Dahlia Setiani', '08112017', 'dahlia@mail.com', '2017-07-07', 7),
(8, '008', 'Lily Handayani', '08112018', 'lily@mail.com', '2018-08-08', 8);

-- --------------------------------------------------------

--
-- Struktur dari tabel `lokasi`
--

CREATE TABLE `lokasi` (
  `id` int(11) NOT NULL,
  `nama_lokasi` varchar(255) NOT NULL
) ENGINE=InnoDB DEFAULT CHARSET=latin1;

--
-- Dumping data untuk tabel `lokasi`
--

INSERT INTO `lokasi` (`id`, `nama_lokasi`) VALUES
(1, 'Kota Banjarmasin'),
(2, 'Kota Banjarbaru'),
(3, 'Kabupaten Banjar');

-- --------------------------------------------------------

--
-- Struktur dari tabel `penggajian`
--

CREATE TABLE `penggajian` (
  `id` int(11) NOT NULL,
  `karyawan_id` int(11) NOT NULL,
  `tahun` year(4) DEFAULT NULL,
  `bulan` char(2) DEFAULT NULL,
  `gapok` double DEFAULT NULL,
  `tunjangan` double DEFAULT NULL,
  `uang_makan` double DEFAULT NULL
) ENGINE=InnoDB DEFAULT CHARSET=latin1;

--
-- Dumping data untuk tabel `penggajian`
--

INSERT INTO `penggajian` (`id`, `karyawan_id`, `tahun`, `bulan`, `gapok`, `tunjangan`, `uang_makan`) VALUES
(1, 3, 2020, '11', 2400000, 500000, 800000),
(2, 4, 2020, '11', 2300000, 450000, 684000),
(3, 5, 2020, '11', 2200000, 400000, 684000),
(4, 6, 2020, '11', 2100000, 350000, 640000),
(5, 7, 2020, '11', 2100000, 350000, 612000),
(6, 8, 2020, '11', 1000000, 100000, 380000),
(7, 3, 2020, '12', 2400000, 500000, 800000),
(8, 4, 2020, '12', 2300000, 450000, 722000),
(9, 5, 2020, '12', 2200000, 400000, 720000),
(10, 6, 2020, '12', 2100000, 350000, 680000),
(11, 7, 2020, '12', 2100000, 350000, 646000),
(12, 8, 2020, '12', 1000000, 100000, 360000),
(13, 3, 2021, '01', 2400000, 500000, 800000),
(14, 4, 2021, '01', 2300000, 450000, 722000),
(15, 5, 2021, '01', 2200000, 400000, 612000),
(16, 6, 2021, '01', 2100000, 350000, 680000),
(17, 7, 2021, '01', 2100000, 350000, 646000),
(18, 8, 2021, '01', 1000000, 100000, 340000);

-- --------------------------------------------------------

--
-- Struktur dari tabel `pengguna`
--

CREATE TABLE `pengguna` (
  `id` int(11) NOT NULL,
  `username` varchar(255) NOT NULL,
  `password` varchar(255) NOT NULL,
  `peran` enum('ADMIN','USER') DEFAULT NULL,
  `login_terakhir` timestamp NULL DEFAULT NULL
) ENGINE=InnoDB DEFAULT CHARSET=latin1;

--
-- Dumping data untuk tabel `pengguna`
--

INSERT INTO `pengguna` (`id`, `username`, `password`, `peran`, `login_terakhir`) VALUES
(1, 'admin', '21232f297a57a5a743894a0e4a801fc3', 'ADMIN', NULL),
(2, 'user', 'ee11cbb19052e40b07aac0ca060c23ee', 'USER', NULL),
(3, 'johndoe', '6579e96f76baa00787a28653876c6127', 'USER', NULL),
(4, 'fulanbinfulan', '7c232f58f03f6d00c8d28166fbff7a8b', 'USER', NULL),
(5, 'mawar', 'bd117502364227fd8c09098d31e11313', 'USER', NULL),
(6, 'melati', '27e80ebc907bd57004986be9e6f2dd83', 'USER', NULL),
(7, 'dahlia', 'ee11cbb19052e40b07aac0ca060c23ee', 'USER', NULL),
(8, 'lily', '89f288757f4d0693c99b007855fc075e', 'USER', NULL);

-- --------------------------------------------------------

--
-- Struktur dari tabel `presensi`
--

CREATE TABLE `presensi` (
  `id` int(11) NOT NULL,
  `karyawan_id` int(11) NOT NULL,
  `tanggal` date NOT NULL,
  `jam_masuk` time DEFAULT NULL,
  `jam_keluar` time DEFAULT NULL,
  `keterangan` enum('HADIR','SAKIT','IZIN','CUTI','AKHIR\r\nPEKAN','LIBUR NASIONAL','TANPA KETERANGAN') DEFAULT NULL
) ENGINE=InnoDB DEFAULT CHARSET=latin1;

--
-- Dumping data untuk tabel `presensi`
--

INSERT INTO `presensi` (`id`, `karyawan_id`, `tanggal`, `jam_masuk`, `jam_keluar`, `keterangan`) VALUES
(1, 3, '2020-11-01', NULL, NULL, ''),
(2, 3, '2020-11-02', '08:00:00', '16:00:00', 'HADIR'),
(3, 3, '2020-11-03', '08:00:00', '16:00:00', 'HADIR'),
(4, 3, '2020-11-04', '08:00:00', '16:00:00', 'HADIR'),
(5, 3, '2020-11-05', '08:00:00', '16:00:00', 'HADIR'),
(6, 3, '2020-11-06', '08:00:00', '16:00:00', 'HADIR'),
(7, 3, '2020-11-07', NULL, NULL, ''),
(8, 3, '2020-11-08', NULL, NULL, ''),
(9, 3, '2020-11-09', '08:00:00', '16:00:00', 'HADIR'),
(10, 3, '2020-11-10', NULL, NULL, 'LIBUR NASIONAL'),
(11, 3, '2020-11-11', '08:00:00', '16:00:00', 'HADIR'),
(12, 3, '2020-11-12', '08:00:00', '16:00:00', 'HADIR'),
(13, 3, '2020-11-13', '08:00:00', '16:00:00', 'HADIR'),
(14, 3, '2020-11-14', NULL, NULL, ''),
(15, 3, '2020-11-15', NULL, NULL, ''),
(16, 3, '2020-11-16', '08:00:00', '16:00:00', 'HADIR'),
(17, 3, '2020-11-17', '08:00:00', '16:00:00', 'HADIR'),
(18, 3, '2020-11-18', '08:00:00', '16:00:00', 'HADIR'),
(19, 3, '2020-11-19', '08:00:00', '16:00:00', 'HADIR'),
(20, 3, '2020-11-20', '08:00:00', '16:00:00', 'HADIR'),
(21, 3, '2020-11-21', NULL, NULL, ''),
(22, 3, '2020-11-22', NULL, NULL, ''),
(23, 3, '2020-11-23', '08:00:00', '16:00:00', 'HADIR'),
(24, 3, '2020-11-24', '08:00:00', '16:00:00', 'HADIR'),
(25, 3, '2020-11-25', '08:00:00', '16:00:00', 'HADIR'),
(26, 3, '2020-11-26', '08:00:00', '16:00:00', 'HADIR'),
(27, 3, '2020-11-27', '08:00:00', '16:00:00', 'HADIR'),
(28, 3, '2020-11-28', NULL, NULL, ''),
(29, 3, '2020-11-29', NULL, NULL, ''),
(30, 3, '2020-11-30', '08:00:00', '16:00:00', 'HADIR'),
(31, 3, '2020-12-01', '08:00:00', '16:00:00', 'HADIR'),
(32, 3, '2020-12-02', '08:00:00', '16:00:00', 'HADIR'),
(33, 3, '2020-12-03', '08:00:00', '16:00:00', 'HADIR'),
(34, 3, '2020-12-04', '08:00:00', '16:00:00', 'HADIR'),
(35, 3, '2020-12-05', NULL, NULL, ''),
(36, 3, '2020-12-06', NULL, NULL, ''),
(37, 3, '2020-12-07', '08:00:00', '16:00:00', 'HADIR'),
(38, 3, '2020-12-08', '08:00:00', '16:00:00', 'HADIR'),
(39, 3, '2020-12-09', NULL, NULL, 'LIBUR NASIONAL'),
(40, 3, '2020-12-10', '08:00:00', '16:00:00', 'HADIR'),
(41, 3, '2020-12-11', '08:00:00', '16:00:00', 'HADIR'),
(42, 3, '2020-12-12', NULL, NULL, ''),
(43, 3, '2020-12-13', NULL, NULL, ''),
(44, 3, '2020-12-14', '08:00:00', '16:00:00', 'HADIR'),
(45, 3, '2020-12-15', '08:00:00', '16:00:00', 'HADIR'),
(46, 3, '2020-12-16', '08:00:00', '16:00:00', 'HADIR'),
(47, 3, '2020-12-17', '08:00:00', '16:00:00', 'HADIR'),
(48, 3, '2020-12-18', '08:00:00', '16:00:00', 'HADIR'),
(49, 3, '2020-12-19', NULL, NULL, ''),
(50, 3, '2020-12-20', NULL, NULL, ''),
(51, 3, '2020-12-21', '08:00:00', '16:00:00', 'HADIR'),
(52, 3, '2020-12-22', '08:00:00', '16:00:00', 'HADIR'),
(53, 3, '2020-12-23', '08:00:00', '16:00:00', 'HADIR'),
(54, 3, '2020-12-24', NULL, NULL, 'LIBUR NASIONAL'),
(55, 3, '2020-12-25', NULL, NULL, 'LIBUR NASIONAL'),
(56, 3, '2020-12-26', NULL, NULL, ''),
(57, 3, '2020-12-27', NULL, NULL, ''),
(58, 3, '2020-12-28', '08:00:00', '16:00:00', 'HADIR'),
(59, 3, '2020-12-29', '08:00:00', '16:00:00', 'HADIR'),
(60, 3, '2020-12-30', '08:00:00', '16:00:00', 'HADIR'),
(61, 3, '2020-12-31', '08:00:00', '16:00:00', 'HADIR'),
(62, 3, '2021-01-01', NULL, NULL, 'LIBUR NASIONAL'),
(63, 3, '2021-01-02', NULL, NULL, ''),
(64, 3, '2021-01-03', NULL, NULL, ''),
(65, 3, '2021-01-04', '08:00:00', '16:00:00', 'HADIR'),
(66, 3, '2021-01-05', '08:00:00', '16:00:00', 'HADIR'),
(67, 3, '2021-01-06', '08:00:00', '16:00:00', 'HADIR'),
(68, 3, '2021-01-07', '08:00:00', '16:00:00', 'HADIR'),
(69, 3, '2021-01-08', '08:00:00', '16:00:00', 'HADIR'),
(70, 3, '2021-01-09', NULL, NULL, ''),
(71, 3, '2021-01-10', NULL, NULL, ''),
(72, 3, '2021-01-11', '08:00:00', '16:00:00', 'HADIR'),
(73, 3, '2021-01-12', '08:00:00', '16:00:00', 'HADIR'),
(74, 3, '2021-01-13', '08:00:00', '16:00:00', 'HADIR'),
(75, 3, '2021-01-14', '08:00:00', '16:00:00', 'HADIR'),
(76, 3, '2021-01-15', '08:00:00', '16:00:00', 'HADIR'),
(77, 3, '2021-01-16', NULL, NULL, ''),
(78, 3, '2021-01-17', NULL, NULL, ''),
(79, 3, '2021-01-18', '08:00:00', '16:00:00', 'HADIR'),
(80, 3, '2021-01-19', '08:00:00', '16:00:00', 'HADIR'),
(81, 3, '2021-01-20', '08:00:00', '16:00:00', 'HADIR'),
(82, 3, '2021-01-21', '08:00:00', '16:00:00', 'HADIR'),
(83, 3, '2021-01-22', '08:00:00', '16:00:00', 'HADIR'),
(84, 3, '2021-01-23', NULL, NULL, ''),
(85, 3, '2021-01-24', NULL, NULL, ''),
(86, 3, '2021-01-25', '08:00:00', '16:00:00', 'HADIR'),
(87, 3, '2021-01-26', '08:00:00', '16:00:00', 'HADIR'),
(88, 3, '2021-01-27', '08:00:00', '16:00:00', 'HADIR'),
(89, 3, '2021-01-28', '08:00:00', '16:00:00', 'HADIR'),
(90, 3, '2021-01-29', '08:00:00', '16:00:00', 'HADIR'),
(91, 3, '2021-01-30', NULL, NULL, ''),
(92, 3, '2021-01-31', NULL, NULL, ''),
(93, 4, '2020-11-01', NULL, NULL, ''),
(94, 4, '2020-11-02', '08:00:00', '16:00:00', 'HADIR'),
(95, 4, '2020-11-03', '08:35:00', '16:00:00', 'HADIR'),
(96, 4, '2020-11-04', NULL, NULL, 'SAKIT'),
(97, 4, '2020-11-05', '08:00:00', '16:00:00', 'HADIR'),
(98, 4, '2020-11-06', '08:00:00', '16:00:00', 'HADIR'),
(99, 4, '2020-11-07', NULL, NULL, ''),
(100, 4, '2020-11-08', NULL, NULL, ''),
(101, 4, '2020-11-09', '08:00:00', '16:00:00', 'HADIR'),
(102, 4, '2020-11-10', NULL, NULL, 'LIBUR NASIONAL'),
(103, 4, '2020-11-11', '08:00:00', '16:00:00', 'HADIR'),
(104, 4, '2020-11-12', '08:00:00', '16:00:00', 'HADIR'),
(105, 4, '2020-11-13', '08:00:00', '16:00:00', 'HADIR'),
(106, 4, '2020-11-14', NULL, NULL, ''),
(107, 4, '2020-11-15', NULL, NULL, ''),
(108, 4, '2020-11-16', '08:00:00', '16:00:00', 'HADIR'),
(109, 4, '2020-11-17', '08:00:00', '16:00:00', 'HADIR'),
(110, 4, '2020-11-18', '08:45:00', '16:00:00', 'HADIR'),
(111, 4, '2020-11-19', NULL, NULL, 'IZIN'),
(112, 4, '2020-11-20', '08:00:00', '16:00:00', 'HADIR'),
(113, 4, '2020-11-21', NULL, NULL, ''),
(114, 4, '2020-11-22', NULL, NULL, ''),
(115, 4, '2020-11-23', '08:00:00', '16:00:00', 'HADIR'),
(116, 4, '2020-11-24', '08:00:00', '16:00:00', 'HADIR'),
(117, 4, '2020-11-25', '08:00:00', '16:00:00', 'HADIR'),
(118, 4, '2020-11-26', '08:00:00', '16:00:00', 'HADIR'),
(119, 4, '2020-11-27', '08:00:00', '16:00:00', 'HADIR'),
(120, 4, '2020-11-28', NULL, NULL, ''),
(121, 4, '2020-11-29', NULL, NULL, ''),
(122, 4, '2020-11-30', '08:00:00', '16:00:00', 'HADIR'),
(123, 4, '2020-12-01', '08:00:00', '16:00:00', 'HADIR'),
(124, 4, '2020-12-02', '08:00:00', '16:00:00', 'HADIR'),
(125, 4, '2020-12-03', '08:00:00', '16:00:00', 'HADIR'),
(126, 4, '2020-12-04', '08:00:00', '16:00:00', 'HADIR'),
(127, 4, '2020-12-05', NULL, NULL, ''),
(128, 4, '2020-12-06', NULL, NULL, ''),
(129, 4, '2020-12-07', '08:00:00', '16:00:00', 'HADIR'),
(130, 4, '2020-12-08', '08:00:00', '16:00:00', 'HADIR'),
(131, 4, '2020-12-09', NULL, NULL, 'LIBUR NASIONAL'),
(132, 4, '2020-12-10', '08:00:00', '16:00:00', 'HADIR'),
(133, 4, '2020-12-11', '08:00:00', '16:00:00', 'HADIR'),
(134, 4, '2020-12-12', NULL, NULL, ''),
(135, 4, '2020-12-13', NULL, NULL, ''),
(136, 4, '2020-12-14', '08:00:00', '16:00:00', 'HADIR'),
(137, 4, '2020-12-15', '08:00:00', '16:00:00', 'HADIR'),
(138, 4, '2020-12-16', '08:00:00', '16:00:00', 'HADIR'),
(139, 4, '2020-12-17', NULL, NULL, 'SAKIT'),
(140, 4, '2020-12-18', '08:00:00', '16:00:00', 'HADIR'),
(141, 4, '2020-12-19', NULL, NULL, ''),
(142, 4, '2020-12-20', NULL, NULL, ''),
(143, 4, '2020-12-21', '08:00:00', '16:00:00', 'HADIR'),
(144, 4, '2020-12-22', '08:00:00', '16:00:00', 'HADIR'),
(145, 4, '2020-12-23', '08:00:00', '16:00:00', 'HADIR'),
(146, 4, '2020-12-24', NULL, NULL, 'LIBUR NASIONAL'),
(147, 4, '2020-12-25', NULL, NULL, 'LIBUR NASIONAL'),
(148, 4, '2020-12-26', NULL, NULL, ''),
(149, 4, '2020-12-27', NULL, NULL, ''),
(150, 4, '2020-12-28', '08:00:00', '16:00:00', 'HADIR'),
(151, 4, '2020-12-29', '08:50:00', '16:00:00', 'HADIR'),
(152, 4, '2020-12-30', '08:00:00', '16:00:00', 'HADIR'),
(153, 4, '2020-12-31', '08:00:00', '16:00:00', 'HADIR'),
(154, 4, '2021-01-01', NULL, NULL, 'LIBUR NASIONAL'),
(155, 4, '2021-01-02', NULL, NULL, ''),
(156, 4, '2021-01-03', NULL, NULL, ''),
(157, 4, '2021-01-04', '08:00:00', '16:00:00', 'HADIR'),
(158, 4, '2021-01-05', '08:00:00', '16:00:00', 'HADIR'),
(159, 4, '2021-01-06', '08:00:00', '16:00:00', 'HADIR'),
(160, 4, '2021-01-07', '08:00:00', '16:00:00', 'HADIR'),
(161, 4, '2021-01-08', '08:00:00', '16:00:00', 'HADIR'),
(162, 4, '2021-01-09', NULL, NULL, ''),
(163, 4, '2021-01-10', NULL, NULL, ''),
(164, 4, '2021-01-11', '08:00:00', '16:00:00', 'HADIR'),
(165, 4, '2021-01-12', '08:00:00', '16:00:00', 'HADIR'),
(166, 4, '2021-01-13', '08:00:00', '16:00:00', 'HADIR'),
(167, 4, '2021-01-14', '08:00:00', '16:00:00', 'HADIR'),
(168, 4, '2021-01-15', '08:00:00', '16:00:00', 'HADIR'),
(169, 4, '2021-01-16', NULL, NULL, ''),
(170, 4, '2021-01-17', NULL, NULL, ''),
(171, 4, '2021-01-18', '08:00:00', '16:00:00', 'HADIR'),
(172, 4, '2021-01-19', '08:00:00', '16:00:00', 'HADIR'),
(173, 4, '2021-01-20', '08:00:00', '16:00:00', 'HADIR'),
(174, 4, '2021-01-21', NULL, NULL, 'IZIN'),
(175, 4, '2021-01-22', '08:00:00', '16:00:00', 'HADIR'),
(176, 4, '2021-01-23', NULL, NULL, ''),
(177, 4, '2021-01-24', NULL, NULL, ''),
(178, 4, '2021-01-25', '08:00:00', '16:00:00', 'HADIR'),
(179, 4, '2021-01-26', '08:00:00', '16:00:00', 'HADIR'),
(180, 4, '2021-01-27', '08:40:00', '16:00:00', 'HADIR'),
(181, 4, '2021-01-28', '08:00:00', '16:00:00', 'HADIR'),
(182, 4, '2021-01-29', '08:00:00', '16:00:00', 'HADIR'),
(183, 4, '2021-01-30', NULL, NULL, ''),
(184, 4, '2021-01-31', NULL, NULL, ''),
(185, 5, '2020-11-01', NULL, NULL, ''),
(186, 5, '2020-11-02', '08:00:00', '16:00:00', 'HADIR'),
(187, 5, '2020-11-03', '08:00:00', '16:00:00', 'HADIR'),
(188, 5, '2020-11-04', '08:00:00', '16:00:00', 'HADIR'),
(189, 5, '2020-11-05', '08:00:00', '16:00:00', 'HADIR'),
(190, 5, '2020-11-06', '08:35:00', '16:00:00', 'HADIR'),
(191, 5, '2020-11-07', NULL, NULL, ''),
(192, 5, '2020-11-08', NULL, NULL, ''),
(193, 5, '2020-11-09', '08:00:00', '16:00:00', 'HADIR'),
(194, 5, '2020-11-10', NULL, NULL, 'LIBUR NASIONAL'),
(195, 5, '2020-11-11', '08:00:00', '16:00:00', 'HADIR'),
(196, 5, '2020-11-12', '08:00:00', '16:00:00', 'HADIR'),
(197, 5, '2020-11-13', '08:00:00', '16:00:00', 'HADIR'),
(198, 5, '2020-11-14', NULL, NULL, ''),
(199, 5, '2020-11-15', NULL, NULL, ''),
(200, 5, '2020-11-16', '08:00:00', '16:00:00', 'HADIR'),
(201, 5, '2020-11-17', '08:00:00', '16:00:00', 'HADIR'),
(202, 5, '2020-11-18', '08:35:00', '16:00:00', 'HADIR'),
(203, 5, '2020-11-19', '08:00:00', '16:00:00', 'HADIR'),
(204, 5, '2020-11-20', '08:00:00', '16:00:00', 'HADIR'),
(205, 5, '2020-11-21', NULL, NULL, ''),
(206, 5, '2020-11-22', NULL, NULL, ''),
(207, 5, '2020-11-23', '08:00:00', '16:00:00', 'HADIR'),
(208, 5, '2020-11-24', '08:00:00', '16:00:00', 'HADIR'),
(209, 5, '2020-11-25', NULL, NULL, 'SAKIT'),
(210, 5, '2020-11-26', '08:00:00', '16:00:00', 'HADIR'),
(211, 5, '2020-11-27', '08:00:00', '16:00:00', 'HADIR'),
(212, 5, '2020-11-28', NULL, NULL, ''),
(213, 5, '2020-11-29', NULL, NULL, ''),
(214, 5, '2020-11-30', '08:00:00', '16:00:00', 'HADIR'),
(215, 5, '2020-12-01', '08:00:00', '16:00:00', 'HADIR'),
(216, 5, '2020-12-02', '08:00:00', '16:00:00', 'HADIR'),
(217, 5, '2020-12-03', '08:00:00', '16:00:00', 'HADIR'),
(218, 5, '2020-12-04', '08:00:00', '16:00:00', 'HADIR'),
(219, 5, '2020-12-05', NULL, NULL, ''),
(220, 5, '2020-12-06', NULL, NULL, ''),
(221, 5, '2020-12-07', '08:00:00', '16:00:00', 'HADIR'),
(222, 5, '2020-12-08', '08:00:00', '16:00:00', 'HADIR'),
(223, 5, '2020-12-09', NULL, NULL, 'LIBUR NASIONAL'),
(224, 5, '2020-12-10', '08:00:00', '16:00:00', 'HADIR'),
(225, 5, '2020-12-11', '08:00:00', '16:00:00', 'HADIR'),
(226, 5, '2020-12-12', NULL, NULL, ''),
(227, 5, '2020-12-13', NULL, NULL, ''),
(228, 5, '2020-12-14', '08:00:00', '16:00:00', 'HADIR'),
(229, 5, '2020-12-15', '08:00:00', '16:00:00', 'HADIR'),
(230, 5, '2020-12-16', '08:00:00', '16:00:00', 'HADIR'),
(231, 5, '2020-12-17', '08:00:00', '16:00:00', 'HADIR'),
(232, 5, '2020-12-18', '08:00:00', '16:00:00', 'HADIR'),
(233, 5, '2020-12-19', NULL, NULL, ''),
(234, 5, '2020-12-20', NULL, NULL, ''),
(235, 5, '2020-12-21', '08:00:00', '16:00:00', 'HADIR'),
(236, 5, '2020-12-22', '08:00:00', '16:00:00', 'HADIR'),
(237, 5, '2020-12-23', '08:00:00', '16:00:00', 'HADIR'),
(238, 5, '2020-12-24', NULL, NULL, 'LIBUR NASIONAL'),
(239, 5, '2020-12-25', NULL, NULL, 'LIBUR NASIONAL'),
(240, 5, '2020-12-26', NULL, NULL, ''),
(241, 5, '2020-12-27', NULL, NULL, ''),
(242, 5, '2020-12-28', '08:00:00', '16:00:00', 'HADIR'),
(243, 5, '2020-12-29', '08:00:00', '16:00:00', 'HADIR'),
(244, 5, '2020-12-30', '08:00:00', '16:00:00', 'HADIR'),
(245, 5, '2020-12-31', '08:00:00', '16:00:00', 'HADIR'),
(246, 5, '2021-01-01', NULL, NULL, 'LIBUR NASIONAL'),
(247, 5, '2021-01-02', NULL, NULL, ''),
(248, 5, '2021-01-03', NULL, NULL, ''),
(249, 5, '2021-01-04', '08:00:00', '16:00:00', 'HADIR'),
(250, 5, '2021-01-05', '08:00:00', '16:00:00', 'HADIR'),
(251, 5, '2021-01-06', NULL, NULL, 'IZIN'),
(252, 5, '2021-01-07', '08:00:00', '16:00:00', 'HADIR'),
(253, 5, '2021-01-08', '08:00:00', '16:00:00', 'HADIR'),
(254, 5, '2021-01-09', NULL, NULL, ''),
(255, 5, '2021-01-10', NULL, NULL, ''),
(256, 5, '2021-01-11', '08:00:00', '16:00:00', 'HADIR'),
(257, 5, '2021-01-12', '08:00:00', '16:00:00', 'HADIR'),
(258, 5, '2021-01-13', '08:00:00', '16:00:00', 'HADIR'),
(259, 5, '2021-01-14', '08:00:00', '16:00:00', 'HADIR'),
(260, 5, '2021-01-15', '08:00:00', '16:00:00', 'HADIR'),
(261, 5, '2021-01-16', NULL, NULL, ''),
(262, 5, '2021-01-17', NULL, NULL, ''),
(263, 5, '2021-01-18', '08:00:00', '16:00:00', 'HADIR'),
(264, 5, '2021-01-19', '08:00:00', '16:00:00', 'HADIR'),
(265, 5, '2021-01-20', '08:00:00', '16:00:00', 'HADIR'),
(266, 5, '2021-01-21', '08:00:00', '16:00:00', 'HADIR'),
(267, 5, '2021-01-22', '08:00:00', '16:00:00', 'HADIR'),
(268, 5, '2021-01-23', NULL, NULL, ''),
(269, 5, '2021-01-24', NULL, NULL, ''),
(270, 5, '2021-01-25', '08:00:00', '16:00:00', 'HADIR'),
(271, 5, '2021-01-26', NULL, NULL, 'SAKIT'),
(272, 5, '2021-01-27', NULL, NULL, 'SAKIT'),
(273, 5, '2021-01-28', '08:00:00', '16:00:00', 'HADIR'),
(274, 5, '2021-01-29', '08:00:00', '16:00:00', 'HADIR'),
(275, 5, '2021-01-30', NULL, NULL, ''),
(276, 5, '2021-01-31', NULL, NULL, ''),
(277, 6, '2020-11-01', NULL, NULL, ''),
(278, 6, '2020-11-02', '08:00:00', '16:00:00', 'HADIR'),
(279, 6, '2020-11-03', '08:00:00', '16:00:00', 'HADIR'),
(280, 6, '2020-11-04', '08:00:00', '16:00:00', 'HADIR'),
(281, 6, '2020-11-05', '08:00:00', '16:00:00', 'HADIR'),
(282, 6, '2020-11-06', '08:00:00', '16:00:00', 'HADIR'),
(283, 6, '2020-11-07', NULL, NULL, ''),
(284, 6, '2020-11-08', NULL, NULL, ''),
(285, 6, '2020-11-09', '08:00:00', '16:00:00', 'HADIR'),
(286, 6, '2020-11-10', NULL, NULL, 'LIBUR NASIONAL'),
(287, 6, '2020-11-11', '08:00:00', '16:00:00', 'HADIR'),
(288, 6, '2020-11-12', '08:00:00', '16:00:00', 'HADIR'),
(289, 6, '2020-11-13', '08:00:00', '16:00:00', 'HADIR'),
(290, 6, '2020-11-14', NULL, NULL, ''),
(291, 6, '2020-11-15', NULL, NULL, ''),
(292, 6, '2020-11-16', '08:00:00', '16:00:00', 'HADIR'),
(293, 6, '2020-11-17', '08:00:00', '16:00:00', 'HADIR'),
(294, 6, '2020-11-18', '08:00:00', '16:00:00', 'HADIR'),
(295, 6, '2020-11-19', '08:00:00', '16:00:00', 'HADIR'),
(296, 6, '2020-11-20', '08:00:00', '16:00:00', 'HADIR'),
(297, 6, '2020-11-21', NULL, NULL, ''),
(298, 6, '2020-11-22', NULL, NULL, ''),
(299, 6, '2020-11-23', '08:00:00', '16:00:00', 'HADIR'),
(300, 6, '2020-11-24', '08:00:00', '16:00:00', 'HADIR'),
(301, 6, '2020-11-25', '08:00:00', '16:00:00', 'HADIR'),
(302, 6, '2020-11-26', '08:00:00', '16:00:00', 'HADIR'),
(303, 6, '2020-11-27', '08:00:00', '16:00:00', 'HADIR'),
(304, 6, '2020-11-28', NULL, NULL, ''),
(305, 6, '2020-11-29', NULL, NULL, ''),
(306, 6, '2020-11-30', '08:00:00', '16:00:00', 'HADIR'),
(307, 6, '2020-12-01', '08:00:00', '16:00:00', 'HADIR'),
(308, 6, '2020-12-02', '08:00:00', '16:00:00', 'HADIR'),
(309, 6, '2020-12-03', '08:00:00', '16:00:00', 'HADIR'),
(310, 6, '2020-12-04', '08:00:00', '16:00:00', 'HADIR'),
(311, 6, '2020-12-05', NULL, NULL, ''),
(312, 6, '2020-12-06', NULL, NULL, ''),
(313, 6, '2020-12-07', '08:00:00', '16:00:00', 'HADIR'),
(314, 6, '2020-12-08', '08:00:00', '16:00:00', 'HADIR'),
(315, 6, '2020-12-09', NULL, NULL, 'LIBUR NASIONAL'),
(316, 6, '2020-12-10', '08:00:00', '16:00:00', 'HADIR'),
(317, 6, '2020-12-11', '08:00:00', '16:00:00', 'HADIR'),
(318, 6, '2020-12-12', NULL, NULL, ''),
(319, 6, '2020-12-13', NULL, NULL, ''),
(320, 6, '2020-12-14', '08:00:00', '16:00:00', 'HADIR'),
(321, 6, '2020-12-15', '08:00:00', '16:00:00', 'HADIR'),
(322, 6, '2020-12-16', '08:00:00', '16:00:00', 'HADIR'),
(323, 6, '2020-12-17', '08:00:00', '16:00:00', 'HADIR'),
(324, 6, '2020-12-18', '08:00:00', '16:00:00', 'HADIR'),
(325, 6, '2020-12-19', NULL, NULL, ''),
(326, 6, '2020-12-20', NULL, NULL, ''),
(327, 6, '2020-12-21', '08:00:00', '16:00:00', 'HADIR'),
(328, 6, '2020-12-22', '08:00:00', '16:00:00', 'HADIR'),
(329, 6, '2020-12-23', '08:00:00', '16:00:00', 'HADIR'),
(330, 6, '2020-12-24', NULL, NULL, 'LIBUR NASIONAL'),
(331, 6, '2020-12-25', NULL, NULL, 'LIBUR NASIONAL'),
(332, 6, '2020-12-26', NULL, NULL, ''),
(333, 6, '2020-12-27', NULL, NULL, ''),
(334, 6, '2020-12-28', '08:00:00', '16:00:00', 'HADIR'),
(335, 6, '2020-12-29', '08:00:00', '16:00:00', 'HADIR'),
(336, 6, '2020-12-30', '08:00:00', '16:00:00', 'HADIR'),
(337, 6, '2020-12-31', '08:00:00', '16:00:00', 'HADIR'),
(338, 6, '2021-01-01', NULL, NULL, 'LIBUR NASIONAL'),
(339, 6, '2021-01-02', NULL, NULL, ''),
(340, 6, '2021-01-03', NULL, NULL, ''),
(341, 6, '2021-01-04', '08:00:00', '16:00:00', 'HADIR'),
(342, 6, '2021-01-05', '08:00:00', '16:00:00', 'HADIR'),
(343, 6, '2021-01-06', '08:00:00', '16:00:00', 'HADIR'),
(344, 6, '2021-01-07', '08:00:00', '16:00:00', 'HADIR'),
(345, 6, '2021-01-08', '08:00:00', '16:00:00', 'HADIR'),
(346, 6, '2021-01-09', NULL, NULL, ''),
(347, 6, '2021-01-10', NULL, NULL, ''),
(348, 6, '2021-01-11', '08:00:00', '16:00:00', 'HADIR'),
(349, 6, '2021-01-12', '08:00:00', '16:00:00', 'HADIR'),
(350, 6, '2021-01-13', '08:00:00', '16:00:00', 'HADIR'),
(351, 6, '2021-01-14', '08:00:00', '16:00:00', 'HADIR'),
(352, 6, '2021-01-15', '08:00:00', '16:00:00', 'HADIR'),
(353, 6, '2021-01-16', NULL, NULL, ''),
(354, 6, '2021-01-17', NULL, NULL, ''),
(355, 6, '2021-01-18', '08:00:00', '16:00:00', 'HADIR'),
(356, 6, '2021-01-19', '08:00:00', '16:00:00', 'HADIR'),
(357, 6, '2021-01-20', '08:00:00', '16:00:00', 'HADIR'),
(358, 6, '2021-01-21', '08:00:00', '16:00:00', 'HADIR'),
(359, 6, '2021-01-22', '08:00:00', '16:00:00', 'HADIR'),
(360, 6, '2021-01-23', NULL, NULL, ''),
(361, 6, '2021-01-24', NULL, NULL, ''),
(362, 6, '2021-01-25', '08:00:00', '16:00:00', 'HADIR'),
(363, 6, '2021-01-26', '08:00:00', '16:00:00', 'HADIR'),
(364, 6, '2021-01-27', '08:00:00', '16:00:00', 'HADIR'),
(365, 6, '2021-01-28', '08:00:00', '16:00:00', 'HADIR'),
(366, 6, '2021-01-29', '08:00:00', '16:00:00', 'HADIR'),
(367, 6, '2021-01-30', NULL, NULL, ''),
(368, 6, '2021-01-31', NULL, NULL, ''),
(369, 7, '2020-11-01', NULL, NULL, ''),
(370, 7, '2020-11-02', '08:00:00', '16:00:00', 'HADIR'),
(371, 7, '2020-11-03', '08:35:00', '16:00:00', 'HADIR'),
(372, 7, '2020-11-04', NULL, NULL, 'SAKIT'),
(373, 7, '2020-11-05', '08:00:00', '16:00:00', 'HADIR'),
(374, 7, '2020-11-06', '08:00:00', '16:00:00', 'HADIR'),
(375, 7, '2020-11-07', NULL, NULL, ''),
(376, 7, '2020-11-08', NULL, NULL, ''),
(377, 7, '2020-11-09', '08:00:00', '16:00:00', 'HADIR'),
(378, 7, '2020-11-10', NULL, NULL, 'LIBUR NASIONAL'),
(379, 7, '2020-11-11', '08:00:00', '16:00:00', 'HADIR'),
(380, 7, '2020-11-12', '08:00:00', '16:00:00', 'HADIR'),
(381, 7, '2020-11-13', '08:00:00', '16:00:00', 'HADIR'),
(382, 7, '2020-11-14', NULL, NULL, ''),
(383, 7, '2020-11-15', NULL, NULL, ''),
(384, 7, '2020-11-16', '08:00:00', '16:00:00', 'HADIR'),
(385, 7, '2020-11-17', '08:00:00', '16:00:00', 'HADIR'),
(386, 7, '2020-11-18', '08:45:00', '16:00:00', 'HADIR'),
(387, 7, '2020-11-19', NULL, NULL, 'IZIN'),
(388, 7, '2020-11-20', '08:00:00', '16:00:00', 'HADIR'),
(389, 7, '2020-11-21', NULL, NULL, ''),
(390, 7, '2020-11-22', NULL, NULL, ''),
(391, 7, '2020-11-23', '08:00:00', '16:00:00', 'HADIR'),
(392, 7, '2020-11-24', '08:00:00', '16:00:00', 'HADIR'),
(393, 7, '2020-11-25', '08:00:00', '16:00:00', 'HADIR'),
(394, 7, '2020-11-26', '08:00:00', '16:00:00', 'HADIR'),
(395, 7, '2020-11-27', '08:00:00', '16:00:00', 'HADIR'),
(396, 7, '2020-11-28', NULL, NULL, ''),
(397, 7, '2020-11-29', NULL, NULL, ''),
(398, 7, '2020-11-30', '08:00:00', '16:00:00', 'HADIR'),
(399, 7, '2020-12-01', '08:00:00', '16:00:00', 'HADIR'),
(400, 7, '2020-12-02', '08:00:00', '16:00:00', 'HADIR'),
(401, 7, '2020-12-03', '08:00:00', '16:00:00', 'HADIR'),
(402, 7, '2020-12-04', '08:00:00', '16:00:00', 'HADIR'),
(403, 7, '2020-12-05', NULL, NULL, ''),
(404, 7, '2020-12-06', NULL, NULL, ''),
(405, 7, '2020-12-07', '08:00:00', '16:00:00', 'HADIR'),
(406, 7, '2020-12-08', '08:00:00', '16:00:00', 'HADIR'),
(407, 7, '2020-12-09', NULL, NULL, 'LIBUR NASIONAL'),
(408, 7, '2020-12-10', '08:00:00', '16:00:00', 'HADIR'),
(409, 7, '2020-12-11', '08:00:00', '16:00:00', 'HADIR'),
(410, 7, '2020-12-12', NULL, NULL, ''),
(411, 7, '2020-12-13', NULL, NULL, ''),
(412, 7, '2020-12-14', '08:00:00', '16:00:00', 'HADIR'),
(413, 7, '2020-12-15', '08:00:00', '16:00:00', 'HADIR'),
(414, 7, '2020-12-16', '08:00:00', '16:00:00', 'HADIR'),
(415, 7, '2020-12-17', NULL, NULL, 'SAKIT'),
(416, 7, '2020-12-18', '08:00:00', '16:00:00', 'HADIR'),
(417, 7, '2020-12-19', NULL, NULL, ''),
(418, 7, '2020-12-20', NULL, NULL, ''),
(419, 7, '2020-12-21', '08:00:00', '16:00:00', 'HADIR'),
(420, 7, '2020-12-22', '08:00:00', '16:00:00', 'HADIR'),
(421, 7, '2020-12-23', '08:00:00', '16:00:00', 'HADIR'),
(422, 7, '2020-12-24', NULL, NULL, 'LIBUR NASIONAL'),
(423, 7, '2020-12-25', NULL, NULL, 'LIBUR NASIONAL'),
(424, 7, '2020-12-26', NULL, NULL, ''),
(425, 7, '2020-12-27', NULL, NULL, ''),
(426, 7, '2020-12-28', '08:00:00', '16:00:00', 'HADIR'),
(427, 7, '2020-12-29', '08:50:00', '16:00:00', 'HADIR'),
(428, 7, '2020-12-30', '08:00:00', '16:00:00', 'HADIR'),
(429, 7, '2020-12-31', '08:00:00', '16:00:00', 'HADIR'),
(430, 7, '2021-01-01', NULL, NULL, 'LIBUR NASIONAL'),
(431, 7, '2021-01-02', NULL, NULL, ''),
(432, 7, '2021-01-03', NULL, NULL, ''),
(433, 7, '2021-01-04', '08:55:00', '16:00:00', 'HADIR'),
(434, 7, '2021-01-05', '08:00:00', '16:00:00', 'HADIR'),
(435, 7, '2021-01-06', '08:00:00', '16:00:00', 'HADIR'),
(436, 7, '2021-01-07', '08:00:00', '16:00:00', 'HADIR'),
(437, 7, '2021-01-08', '08:00:00', '16:00:00', 'HADIR'),
(438, 7, '2021-01-09', NULL, NULL, ''),
(439, 7, '2021-01-10', NULL, NULL, ''),
(440, 7, '2021-01-11', '08:00:00', '16:00:00', 'HADIR'),
(441, 7, '2021-01-12', '08:00:00', '16:00:00', 'HADIR'),
(442, 7, '2021-01-13', '08:00:00', '16:00:00', 'HADIR'),
(443, 7, '2021-01-14', '08:00:00', '16:00:00', 'HADIR'),
(444, 7, '2021-01-15', '08:00:00', '16:00:00', 'HADIR'),
(445, 7, '2021-01-16', NULL, NULL, ''),
(446, 7, '2021-01-17', NULL, NULL, ''),
(447, 7, '2021-01-18', '08:00:00', '16:00:00', 'HADIR'),
(448, 7, '2021-01-19', '08:00:00', '16:00:00', 'HADIR'),
(449, 7, '2021-01-20', '08:00:00', '16:00:00', 'HADIR'),
(450, 7, '2021-01-21', NULL, NULL, 'IZIN'),
(451, 7, '2021-01-22', '08:00:00', '16:00:00', 'HADIR'),
(452, 7, '2021-01-23', NULL, NULL, ''),
(453, 7, '2021-01-24', NULL, NULL, ''),
(454, 7, '2021-01-25', '08:00:00', '16:00:00', 'HADIR'),
(455, 7, '2021-01-26', '08:00:00', '16:00:00', 'HADIR'),
(456, 7, '2021-01-27', '08:40:00', '16:00:00', 'HADIR'),
(457, 7, '2021-01-28', '08:00:00', '16:00:00', 'HADIR'),
(458, 7, '2021-01-29', '08:00:00', '16:00:00', 'HADIR'),
(459, 7, '2021-01-30', NULL, NULL, ''),
(460, 7, '2021-01-31', NULL, NULL, ''),
(461, 8, '2020-11-01', NULL, NULL, ''),
(462, 8, '2020-11-02', '08:00:00', '16:00:00', 'HADIR'),
(463, 8, '2020-11-03', '08:00:00', '16:00:00', 'HADIR'),
(464, 8, '2020-11-04', '08:00:00', '16:00:00', 'HADIR'),
(465, 8, '2020-11-05', '08:00:00', '16:00:00', 'HADIR'),
(466, 8, '2020-11-06', '08:35:00', '16:00:00', 'HADIR'),
(467, 8, '2020-11-07', NULL, NULL, ''),
(468, 8, '2020-11-08', NULL, NULL, ''),
(469, 8, '2020-11-09', '08:00:00', '16:00:00', 'HADIR'),
(470, 8, '2020-11-10', NULL, NULL, 'LIBUR NASIONAL'),
(471, 8, '2020-11-11', '08:00:00', '16:00:00', 'HADIR'),
(472, 8, '2020-11-12', '08:00:00', '16:00:00', 'HADIR'),
(473, 8, '2020-11-13', '08:00:00', '16:00:00', 'HADIR'),
(474, 8, '2020-11-14', NULL, NULL, ''),
(475, 8, '2020-11-15', NULL, NULL, ''),
(476, 8, '2020-11-16', '08:00:00', '16:00:00', 'HADIR'),
(477, 8, '2020-11-17', '08:00:00', '16:00:00', 'HADIR'),
(478, 8, '2020-11-18', '08:35:00', '16:00:00', 'HADIR'),
(479, 8, '2020-11-19', '08:00:00', '16:00:00', 'HADIR'),
(480, 8, '2020-11-20', '08:00:00', '16:00:00', 'HADIR'),
(481, 8, '2020-11-21', NULL, NULL, ''),
(482, 8, '2020-11-22', NULL, NULL, ''),
(483, 8, '2020-11-23', '08:00:00', '16:00:00', 'HADIR'),
(484, 8, '2020-11-24', '08:00:00', '16:00:00', 'HADIR'),
(485, 8, '2020-11-25', NULL, NULL, 'IZIN'),
(486, 8, '2020-11-26', '08:00:00', '16:00:00', 'HADIR'),
(487, 8, '2020-11-27', '08:00:00', '16:00:00', 'HADIR'),
(488, 8, '2020-11-28', NULL, NULL, ''),
(489, 8, '2020-11-29', NULL, NULL, ''),
(490, 8, '2020-11-30', '08:00:00', '16:00:00', 'HADIR'),
(491, 8, '2020-12-01', '08:00:00', '16:00:00', 'HADIR'),
(492, 8, '2020-12-02', NULL, NULL, 'CUTI'),
(493, 8, '2020-12-03', NULL, NULL, 'CUTI'),
(494, 8, '2020-12-04', '08:00:00', '16:00:00', 'HADIR'),
(495, 8, '2020-12-05', NULL, NULL, ''),
(496, 8, '2020-12-06', NULL, NULL, ''),
(497, 8, '2020-12-07', '08:00:00', '16:00:00', 'HADIR'),
(498, 8, '2020-12-08', '08:00:00', '16:00:00', 'HADIR'),
(499, 8, '2020-12-09', NULL, NULL, 'LIBUR NASIONAL'),
(500, 8, '2020-12-10', '08:00:00', '16:00:00', 'HADIR'),
(501, 8, '2020-12-11', '08:00:00', '16:00:00', 'HADIR'),
(502, 8, '2020-12-12', NULL, NULL, ''),
(503, 8, '2020-12-13', NULL, NULL, ''),
(504, 8, '2020-12-14', '08:37:00', '16:00:00', 'HADIR'),
(505, 8, '2020-12-15', '08:00:00', '16:00:00', 'HADIR'),
(506, 8, '2020-12-16', '08:00:00', '16:00:00', 'HADIR'),
(507, 8, '2020-12-17', '08:00:00', '16:00:00', 'HADIR'),
(508, 8, '2020-12-18', '08:00:00', '16:00:00', 'HADIR'),
(509, 8, '2020-12-19', NULL, NULL, ''),
(510, 8, '2020-12-20', NULL, NULL, ''),
(511, 8, '2020-12-21', '08:00:00', '16:00:00', 'HADIR'),
(512, 8, '2020-12-22', '08:00:00', '16:00:00', 'HADIR'),
(513, 8, '2020-12-23', '08:00:00', '16:00:00', 'HADIR'),
(514, 8, '2020-12-24', NULL, NULL, 'LIBUR NASIONAL'),
(515, 8, '2020-12-25', NULL, NULL, 'LIBUR NASIONAL'),
(516, 8, '2020-12-26', NULL, NULL, ''),
(517, 8, '2020-12-27', NULL, NULL, ''),
(518, 8, '2020-12-28', '08:00:00', '16:00:00', 'HADIR'),
(519, 8, '2020-12-29', '08:00:00', '16:00:00', 'HADIR'),
(520, 8, '2020-12-30', '08:35:00', '16:00:00', 'HADIR'),
(521, 8, '2020-12-31', '08:00:00', '16:00:00', 'HADIR'),
(522, 8, '2021-01-01', NULL, NULL, 'LIBUR NASIONAL'),
(523, 8, '2021-01-02', NULL, NULL, ''),
(524, 8, '2021-01-03', NULL, NULL, ''),
(525, 8, '2021-01-04', '08:00:00', '16:00:00', 'HADIR'),
(526, 8, '2021-01-05', '08:00:00', '16:00:00', 'HADIR'),
(527, 8, '2021-01-06', NULL, NULL, 'IZIN'),
(528, 8, '2021-01-07', '08:00:00', '16:00:00', 'HADIR'),
(529, 8, '2021-01-08', '08:00:00', '16:00:00', 'HADIR'),
(530, 8, '2021-01-09', NULL, NULL, ''),
(531, 8, '2021-01-10', NULL, NULL, ''),
(532, 8, '2021-01-11', '08:00:00', '16:00:00', 'HADIR'),
(533, 8, '2021-01-12', '08:00:00', '16:00:00', 'HADIR'),
(534, 8, '2021-01-13', '08:00:00', '16:00:00', 'HADIR'),
(535, 8, '2021-01-14', '08:00:00', '16:00:00', 'HADIR'),
(536, 8, '2021-01-15', '08:00:00', '16:00:00', 'HADIR'),
(537, 8, '2021-01-16', NULL, NULL, ''),
(538, 8, '2021-01-17', NULL, NULL, ''),
(539, 8, '2021-01-18', '08:00:00', '16:00:00', 'HADIR'),
(540, 8, '2021-01-19', '08:00:00', '16:00:00', 'HADIR'),
(541, 8, '2021-01-20', '08:00:00', '16:00:00', 'HADIR'),
(542, 8, '2021-01-21', '08:00:00', '16:00:00', 'HADIR'),
(543, 8, '2021-01-22', '08:00:00', '16:00:00', 'HADIR'),
(544, 8, '2021-01-23', NULL, NULL, ''),
(545, 8, '2021-01-24', NULL, NULL, ''),
(546, 8, '2021-01-25', '08:00:00', '16:00:00', 'HADIR'),
(547, 8, '2021-01-26', NULL, NULL, 'SAKIT'),
(548, 8, '2021-01-27', NULL, NULL, 'SAKIT'),
(549, 8, '2021-01-28', '08:00:00', '16:00:00', 'HADIR'),
(550, 8, '2021-01-29', '08:00:00', '16:00:00', 'HADIR'),
(551, 8, '2021-01-30', NULL, NULL, ''),
(552, 8, '2021-01-31', NULL, NULL, ''),
(553, 3, '2020-11-01', NULL, NULL, ''),
(554, 3, '2020-11-02', '08:00:00', '16:00:00', 'HADIR'),
(555, 3, '2020-11-03', '08:00:00', '16:00:00', 'HADIR'),
(556, 3, '2020-11-04', '08:00:00', '16:00:00', 'HADIR'),
(557, 3, '2020-11-05', '08:00:00', '16:00:00', 'HADIR'),
(558, 3, '2020-11-06', '08:00:00', '16:00:00', 'HADIR'),
(559, 3, '2020-11-07', NULL, NULL, ''),
(560, 3, '2020-11-08', NULL, NULL, ''),
(561, 3, '2020-11-09', '08:00:00', '16:00:00', 'HADIR'),
(562, 3, '2020-11-10', NULL, NULL, 'LIBUR NASIONAL'),
(563, 3, '2020-11-11', '08:00:00', '16:00:00', 'HADIR'),
(564, 3, '2020-11-12', '08:00:00', '16:00:00', 'HADIR'),
(565, 3, '2020-11-13', '08:00:00', '16:00:00', 'HADIR'),
(566, 3, '2020-11-14', NULL, NULL, ''),
(567, 3, '2020-11-15', NULL, NULL, ''),
(568, 3, '2020-11-16', '08:00:00', '16:00:00', 'HADIR'),
(569, 3, '2020-11-17', '08:00:00', '16:00:00', 'HADIR'),
(570, 3, '2020-11-18', '08:00:00', '16:00:00', 'HADIR'),
(571, 3, '2020-11-19', '08:00:00', '16:00:00', 'HADIR'),
(572, 3, '2020-11-20', '08:00:00', '16:00:00', 'HADIR'),
(573, 3, '2020-11-21', NULL, NULL, ''),
(574, 3, '2020-11-22', NULL, NULL, ''),
(575, 3, '2020-11-23', '08:00:00', '16:00:00', 'HADIR'),
(576, 3, '2020-11-24', '08:00:00', '16:00:00', 'HADIR'),
(577, 3, '2020-11-25', '08:00:00', '16:00:00', 'HADIR'),
(578, 3, '2020-11-26', '08:00:00', '16:00:00', 'HADIR'),
(579, 3, '2020-11-27', '08:00:00', '16:00:00', 'HADIR'),
(580, 3, '2020-11-28', NULL, NULL, ''),
(581, 3, '2020-11-29', NULL, NULL, ''),
(582, 3, '2020-11-30', '08:00:00', '16:00:00', 'HADIR'),
(583, 3, '2020-12-01', '08:00:00', '16:00:00', 'HADIR'),
(584, 3, '2020-12-02', '08:00:00', '16:00:00', 'HADIR'),
(585, 3, '2020-12-03', '08:00:00', '16:00:00', 'HADIR'),
(586, 3, '2020-12-04', '08:00:00', '16:00:00', 'HADIR'),
(587, 3, '2020-12-05', NULL, NULL, ''),
(588, 3, '2020-12-06', NULL, NULL, ''),
(589, 3, '2020-12-07', '08:00:00', '16:00:00', 'HADIR'),
(590, 3, '2020-12-08', '08:00:00', '16:00:00', 'HADIR'),
(591, 3, '2020-12-09', NULL, NULL, 'LIBUR NASIONAL'),
(592, 3, '2020-12-10', '08:00:00', '16:00:00', 'HADIR'),
(593, 3, '2020-12-11', '08:00:00', '16:00:00', 'HADIR'),
(594, 3, '2020-12-12', NULL, NULL, ''),
(595, 3, '2020-12-13', NULL, NULL, ''),
(596, 3, '2020-12-14', '08:00:00', '16:00:00', 'HADIR'),
(597, 3, '2020-12-15', '08:00:00', '16:00:00', 'HADIR'),
(598, 3, '2020-12-16', '08:00:00', '16:00:00', 'HADIR'),
(599, 3, '2020-12-17', '08:00:00', '16:00:00', 'HADIR'),
(600, 3, '2020-12-18', '08:00:00', '16:00:00', 'HADIR'),
(601, 3, '2020-12-19', NULL, NULL, ''),
(602, 3, '2020-12-20', NULL, NULL, ''),
(603, 3, '2020-12-21', '08:00:00', '16:00:00', 'HADIR'),
(604, 3, '2020-12-22', '08:00:00', '16:00:00', 'HADIR'),
(605, 3, '2020-12-23', '08:00:00', '16:00:00', 'HADIR'),
(606, 3, '2020-12-24', NULL, NULL, 'LIBUR NASIONAL'),
(607, 3, '2020-12-25', NULL, NULL, 'LIBUR NASIONAL'),
(608, 3, '2020-12-26', NULL, NULL, ''),
(609, 3, '2020-12-27', NULL, NULL, ''),
(610, 3, '2020-12-28', '08:00:00', '16:00:00', 'HADIR'),
(611, 3, '2020-12-29', '08:00:00', '16:00:00', 'HADIR'),
(612, 3, '2020-12-30', '08:00:00', '16:00:00', 'HADIR'),
(613, 3, '2020-12-31', '08:00:00', '16:00:00', 'HADIR'),
(614, 3, '2021-01-01', NULL, NULL, 'LIBUR NASIONAL'),
(615, 3, '2021-01-02', NULL, NULL, ''),
(616, 3, '2021-01-03', NULL, NULL, ''),
(617, 3, '2021-01-04', '08:00:00', '16:00:00', 'HADIR'),
(618, 3, '2021-01-05', '08:00:00', '16:00:00', 'HADIR'),
(619, 3, '2021-01-06', '08:00:00', '16:00:00', 'HADIR'),
(620, 3, '2021-01-07', '08:00:00', '16:00:00', 'HADIR'),
(621, 3, '2021-01-08', '08:00:00', '16:00:00', 'HADIR'),
(622, 3, '2021-01-09', NULL, NULL, ''),
(623, 3, '2021-01-10', NULL, NULL, ''),
(624, 3, '2021-01-11', '08:00:00', '16:00:00', 'HADIR'),
(625, 3, '2021-01-12', '08:00:00', '16:00:00', 'HADIR'),
(626, 3, '2021-01-13', '08:00:00', '16:00:00', 'HADIR'),
(627, 3, '2021-01-14', '08:00:00', '16:00:00', 'HADIR'),
(628, 3, '2021-01-15', '08:00:00', '16:00:00', 'HADIR'),
(629, 3, '2021-01-16', NULL, NULL, ''),
(630, 3, '2021-01-17', NULL, NULL, ''),
(631, 3, '2021-01-18', '08:00:00', '16:00:00', 'HADIR'),
(632, 3, '2021-01-19', '08:00:00', '16:00:00', 'HADIR'),
(633, 3, '2021-01-20', '08:00:00', '16:00:00', 'HADIR'),
(634, 3, '2021-01-21', '08:00:00', '16:00:00', 'HADIR'),
(635, 3, '2021-01-22', '08:00:00', '16:00:00', 'HADIR'),
(636, 3, '2021-01-23', NULL, NULL, ''),
(637, 3, '2021-01-24', NULL, NULL, ''),
(638, 3, '2021-01-25', '08:00:00', '16:00:00', 'HADIR'),
(639, 3, '2021-01-26', '08:00:00', '16:00:00', 'HADIR'),
(640, 3, '2021-01-27', '08:00:00', '16:00:00', 'HADIR'),
(641, 3, '2021-01-28', '08:00:00', '16:00:00', 'HADIR'),
(642, 3, '2021-01-29', '08:00:00', '16:00:00', 'HADIR'),
(643, 3, '2021-01-30', NULL, NULL, ''),
(644, 3, '2021-01-31', NULL, NULL, ''),
(645, 4, '2020-11-01', NULL, NULL, ''),
(646, 4, '2020-11-02', '08:00:00', '16:00:00', 'HADIR'),
(647, 4, '2020-11-03', '08:35:00', '16:00:00', 'HADIR'),
(648, 4, '2020-11-04', NULL, NULL, 'SAKIT'),
(649, 4, '2020-11-05', '08:00:00', '16:00:00', 'HADIR'),
(650, 4, '2020-11-06', '08:00:00', '16:00:00', 'HADIR'),
(651, 4, '2020-11-07', NULL, NULL, ''),
(652, 4, '2020-11-08', NULL, NULL, ''),
(653, 4, '2020-11-09', '08:00:00', '16:00:00', 'HADIR'),
(654, 4, '2020-11-10', NULL, NULL, 'LIBUR NASIONAL'),
(655, 4, '2020-11-11', '08:00:00', '16:00:00', 'HADIR'),
(656, 4, '2020-11-12', '08:00:00', '16:00:00', 'HADIR'),
(657, 4, '2020-11-13', '08:00:00', '16:00:00', 'HADIR'),
(658, 4, '2020-11-14', NULL, NULL, ''),
(659, 4, '2020-11-15', NULL, NULL, ''),
(660, 4, '2020-11-16', '08:00:00', '16:00:00', 'HADIR'),
(661, 4, '2020-11-17', '08:00:00', '16:00:00', 'HADIR'),
(662, 4, '2020-11-18', '08:45:00', '16:00:00', 'HADIR'),
(663, 4, '2020-11-19', NULL, NULL, 'IZIN'),
(664, 4, '2020-11-20', '08:00:00', '16:00:00', 'HADIR'),
(665, 4, '2020-11-21', NULL, NULL, ''),
(666, 4, '2020-11-22', NULL, NULL, ''),
(667, 4, '2020-11-23', '08:00:00', '16:00:00', 'HADIR'),
(668, 4, '2020-11-24', '08:00:00', '16:00:00', 'HADIR'),
(669, 4, '2020-11-25', '08:00:00', '16:00:00', 'HADIR'),
(670, 4, '2020-11-26', '08:00:00', '16:00:00', 'HADIR'),
(671, 4, '2020-11-27', '08:00:00', '16:00:00', 'HADIR'),
(672, 4, '2020-11-28', NULL, NULL, ''),
(673, 4, '2020-11-29', NULL, NULL, ''),
(674, 4, '2020-11-30', '08:00:00', '16:00:00', 'HADIR'),
(675, 4, '2020-12-01', '08:00:00', '16:00:00', 'HADIR'),
(676, 4, '2020-12-02', '08:00:00', '16:00:00', 'HADIR'),
(677, 4, '2020-12-03', '08:00:00', '16:00:00', 'HADIR'),
(678, 4, '2020-12-04', '08:00:00', '16:00:00', 'HADIR'),
(679, 4, '2020-12-05', NULL, NULL, ''),
(680, 4, '2020-12-06', NULL, NULL, ''),
(681, 4, '2020-12-07', '08:00:00', '16:00:00', 'HADIR'),
(682, 4, '2020-12-08', '08:00:00', '16:00:00', 'HADIR'),
(683, 4, '2020-12-09', NULL, NULL, 'LIBUR NASIONAL'),
(684, 4, '2020-12-10', '08:00:00', '16:00:00', 'HADIR'),
(685, 4, '2020-12-11', '08:00:00', '16:00:00', 'HADIR'),
(686, 4, '2020-12-12', NULL, NULL, ''),
(687, 4, '2020-12-13', NULL, NULL, ''),
(688, 4, '2020-12-14', '08:00:00', '16:00:00', 'HADIR'),
(689, 4, '2020-12-15', '08:00:00', '16:00:00', 'HADIR'),
(690, 4, '2020-12-16', '08:00:00', '16:00:00', 'HADIR'),
(691, 4, '2020-12-17', NULL, NULL, 'SAKIT'),
(692, 4, '2020-12-18', '08:00:00', '16:00:00', 'HADIR'),
(693, 4, '2020-12-19', NULL, NULL, ''),
(694, 4, '2020-12-20', NULL, NULL, ''),
(695, 4, '2020-12-21', '08:00:00', '16:00:00', 'HADIR'),
(696, 4, '2020-12-22', '08:00:00', '16:00:00', 'HADIR'),
(697, 4, '2020-12-23', '08:00:00', '16:00:00', 'HADIR'),
(698, 4, '2020-12-24', NULL, NULL, 'LIBUR NASIONAL'),
(699, 4, '2020-12-25', NULL, NULL, 'LIBUR NASIONAL'),
(700, 4, '2020-12-26', NULL, NULL, ''),
(701, 4, '2020-12-27', NULL, NULL, ''),
(702, 4, '2020-12-28', '08:00:00', '16:00:00', 'HADIR'),
(703, 4, '2020-12-29', '08:50:00', '16:00:00', 'HADIR'),
(704, 4, '2020-12-30', '08:00:00', '16:00:00', 'HADIR'),
(705, 4, '2020-12-31', '08:00:00', '16:00:00', 'HADIR'),
(706, 4, '2021-01-01', NULL, NULL, 'LIBUR NASIONAL'),
(707, 4, '2021-01-02', NULL, NULL, ''),
(708, 4, '2021-01-03', NULL, NULL, ''),
(709, 4, '2021-01-04', '08:00:00', '16:00:00', 'HADIR'),
(710, 4, '2021-01-05', '08:00:00', '16:00:00', 'HADIR'),
(711, 4, '2021-01-06', '08:00:00', '16:00:00', 'HADIR'),
(712, 4, '2021-01-07', '08:00:00', '16:00:00', 'HADIR'),
(713, 4, '2021-01-08', '08:00:00', '16:00:00', 'HADIR'),
(714, 4, '2021-01-09', NULL, NULL, ''),
(715, 4, '2021-01-10', NULL, NULL, ''),
(716, 4, '2021-01-11', '08:00:00', '16:00:00', 'HADIR'),
(717, 4, '2021-01-12', '08:00:00', '16:00:00', 'HADIR'),
(718, 4, '2021-01-13', '08:00:00', '16:00:00', 'HADIR'),
(719, 4, '2021-01-14', '08:00:00', '16:00:00', 'HADIR'),
(720, 4, '2021-01-15', '08:00:00', '16:00:00', 'HADIR'),
(721, 4, '2021-01-16', NULL, NULL, ''),
(722, 4, '2021-01-17', NULL, NULL, ''),
(723, 4, '2021-01-18', '08:00:00', '16:00:00', 'HADIR'),
(724, 4, '2021-01-19', '08:00:00', '16:00:00', 'HADIR'),
(725, 4, '2021-01-20', '08:00:00', '16:00:00', 'HADIR'),
(726, 4, '2021-01-21', NULL, NULL, 'IZIN'),
(727, 4, '2021-01-22', '08:00:00', '16:00:00', 'HADIR'),
(728, 4, '2021-01-23', NULL, NULL, ''),
(729, 4, '2021-01-24', NULL, NULL, ''),
(730, 4, '2021-01-25', '08:00:00', '16:00:00', 'HADIR'),
(731, 4, '2021-01-26', '08:00:00', '16:00:00', 'HADIR'),
(732, 4, '2021-01-27', '08:40:00', '16:00:00', 'HADIR'),
(733, 4, '2021-01-28', '08:00:00', '16:00:00', 'HADIR'),
(734, 4, '2021-01-29', '08:00:00', '16:00:00', 'HADIR'),
(735, 4, '2021-01-30', NULL, NULL, ''),
(736, 4, '2021-01-31', NULL, NULL, ''),
(737, 5, '2020-11-01', NULL, NULL, ''),
(738, 5, '2020-11-02', '08:00:00', '16:00:00', 'HADIR'),
(739, 5, '2020-11-03', '08:00:00', '16:00:00', 'HADIR'),
(740, 5, '2020-11-04', '08:00:00', '16:00:00', 'HADIR'),
(741, 5, '2020-11-05', '08:00:00', '16:00:00', 'HADIR'),
(742, 5, '2020-11-06', '08:35:00', '16:00:00', 'HADIR'),
(743, 5, '2020-11-07', NULL, NULL, ''),
(744, 5, '2020-11-08', NULL, NULL, ''),
(745, 5, '2020-11-09', '08:00:00', '16:00:00', 'HADIR'),
(746, 5, '2020-11-10', NULL, NULL, 'LIBUR NASIONAL'),
(747, 5, '2020-11-11', '08:00:00', '16:00:00', 'HADIR'),
(748, 5, '2020-11-12', '08:00:00', '16:00:00', 'HADIR'),
(749, 5, '2020-11-13', '08:00:00', '16:00:00', 'HADIR'),
(750, 5, '2020-11-14', NULL, NULL, ''),
(751, 5, '2020-11-15', NULL, NULL, ''),
(752, 5, '2020-11-16', '08:00:00', '16:00:00', 'HADIR'),
(753, 5, '2020-11-17', '08:00:00', '16:00:00', 'HADIR'),
(754, 5, '2020-11-18', '08:35:00', '16:00:00', 'HADIR'),
(755, 5, '2020-11-19', '08:00:00', '16:00:00', 'HADIR'),
(756, 5, '2020-11-20', '08:00:00', '16:00:00', 'HADIR'),
(757, 5, '2020-11-21', NULL, NULL, ''),
(758, 5, '2020-11-22', NULL, NULL, ''),
(759, 5, '2020-11-23', '08:00:00', '16:00:00', 'HADIR'),
(760, 5, '2020-11-24', '08:00:00', '16:00:00', 'HADIR'),
(761, 5, '2020-11-25', NULL, NULL, 'SAKIT'),
(762, 5, '2020-11-26', '08:00:00', '16:00:00', 'HADIR'),
(763, 5, '2020-11-27', '08:00:00', '16:00:00', 'HADIR'),
(764, 5, '2020-11-28', NULL, NULL, ''),
(765, 5, '2020-11-29', NULL, NULL, ''),
(766, 5, '2020-11-30', '08:00:00', '16:00:00', 'HADIR'),
(767, 5, '2020-12-01', '08:00:00', '16:00:00', 'HADIR'),
(768, 5, '2020-12-02', '08:00:00', '16:00:00', 'HADIR'),
(769, 5, '2020-12-03', '08:00:00', '16:00:00', 'HADIR'),
(770, 5, '2020-12-04', '08:00:00', '16:00:00', 'HADIR'),
(771, 5, '2020-12-05', NULL, NULL, ''),
(772, 5, '2020-12-06', NULL, NULL, ''),
(773, 5, '2020-12-07', '08:00:00', '16:00:00', 'HADIR'),
(774, 5, '2020-12-08', '08:00:00', '16:00:00', 'HADIR'),
(775, 5, '2020-12-09', NULL, NULL, 'LIBUR NASIONAL'),
(776, 5, '2020-12-10', '08:00:00', '16:00:00', 'HADIR'),
(777, 5, '2020-12-11', '08:00:00', '16:00:00', 'HADIR'),
(778, 5, '2020-12-12', NULL, NULL, ''),
(779, 5, '2020-12-13', NULL, NULL, ''),
(780, 5, '2020-12-14', '08:00:00', '16:00:00', 'HADIR'),
(781, 5, '2020-12-15', '08:00:00', '16:00:00', 'HADIR'),
(782, 5, '2020-12-16', '08:00:00', '16:00:00', 'HADIR'),
(783, 5, '2020-12-17', '08:00:00', '16:00:00', 'HADIR'),
(784, 5, '2020-12-18', '08:00:00', '16:00:00', 'HADIR'),
(785, 5, '2020-12-19', NULL, NULL, ''),
(786, 5, '2020-12-20', NULL, NULL, ''),
(787, 5, '2020-12-21', '08:00:00', '16:00:00', 'HADIR'),
(788, 5, '2020-12-22', '08:00:00', '16:00:00', 'HADIR'),
(789, 5, '2020-12-23', '08:00:00', '16:00:00', 'HADIR'),
(790, 5, '2020-12-24', NULL, NULL, 'LIBUR NASIONAL'),
(791, 5, '2020-12-25', NULL, NULL, 'LIBUR NASIONAL'),
(792, 5, '2020-12-26', NULL, NULL, ''),
(793, 5, '2020-12-27', NULL, NULL, ''),
(794, 5, '2020-12-28', '08:00:00', '16:00:00', 'HADIR'),
(795, 5, '2020-12-29', '08:00:00', '16:00:00', 'HADIR'),
(796, 5, '2020-12-30', '08:00:00', '16:00:00', 'HADIR'),
(797, 5, '2020-12-31', '08:00:00', '16:00:00', 'HADIR'),
(798, 5, '2021-01-01', NULL, NULL, 'LIBUR NASIONAL'),
(799, 5, '2021-01-02', NULL, NULL, ''),
(800, 5, '2021-01-03', NULL, NULL, ''),
(801, 5, '2021-01-04', '08:00:00', '16:00:00', 'HADIR'),
(802, 5, '2021-01-05', '08:00:00', '16:00:00', 'HADIR'),
(803, 5, '2021-01-06', NULL, NULL, 'IZIN'),
(804, 5, '2021-01-07', '08:00:00', '16:00:00', 'HADIR'),
(805, 5, '2021-01-08', '08:00:00', '16:00:00', 'HADIR'),
(806, 5, '2021-01-09', NULL, NULL, ''),
(807, 5, '2021-01-10', NULL, NULL, ''),
(808, 5, '2021-01-11', '08:00:00', '16:00:00', 'HADIR'),
(809, 5, '2021-01-12', '08:00:00', '16:00:00', 'HADIR'),
(810, 5, '2021-01-13', '08:00:00', '16:00:00', 'HADIR'),
(811, 5, '2021-01-14', '08:00:00', '16:00:00', 'HADIR'),
(812, 5, '2021-01-15', '08:00:00', '16:00:00', 'HADIR'),
(813, 5, '2021-01-16', NULL, NULL, ''),
(814, 5, '2021-01-17', NULL, NULL, ''),
(815, 5, '2021-01-18', '08:00:00', '16:00:00', 'HADIR'),
(816, 5, '2021-01-19', '08:00:00', '16:00:00', 'HADIR'),
(817, 5, '2021-01-20', '08:00:00', '16:00:00', 'HADIR'),
(818, 5, '2021-01-21', '08:00:00', '16:00:00', 'HADIR'),
(819, 5, '2021-01-22', '08:00:00', '16:00:00', 'HADIR'),
(820, 5, '2021-01-23', NULL, NULL, ''),
(821, 5, '2021-01-24', NULL, NULL, ''),
(822, 5, '2021-01-25', '08:00:00', '16:00:00', 'HADIR'),
(823, 5, '2021-01-26', NULL, NULL, 'SAKIT'),
(824, 5, '2021-01-27', NULL, NULL, 'SAKIT'),
(825, 5, '2021-01-28', '08:00:00', '16:00:00', 'HADIR'),
(826, 5, '2021-01-29', '08:00:00', '16:00:00', 'HADIR'),
(827, 5, '2021-01-30', NULL, NULL, ''),
(828, 5, '2021-01-31', NULL, NULL, ''),
(829, 6, '2020-11-01', NULL, NULL, ''),
(830, 6, '2020-11-02', '08:00:00', '16:00:00', 'HADIR'),
(831, 6, '2020-11-03', '08:00:00', '16:00:00', 'HADIR'),
(832, 6, '2020-11-04', '08:00:00', '16:00:00', 'HADIR'),
(833, 6, '2020-11-05', '08:00:00', '16:00:00', 'HADIR'),
(834, 6, '2020-11-06', '08:00:00', '16:00:00', 'HADIR'),
(835, 6, '2020-11-07', NULL, NULL, ''),
(836, 6, '2020-11-08', NULL, NULL, ''),
(837, 6, '2020-11-09', '08:00:00', '16:00:00', 'HADIR'),
(838, 6, '2020-11-10', NULL, NULL, 'LIBUR NASIONAL'),
(839, 6, '2020-11-11', '08:00:00', '16:00:00', 'HADIR'),
(840, 6, '2020-11-12', '08:00:00', '16:00:00', 'HADIR'),
(841, 6, '2020-11-13', '08:00:00', '16:00:00', 'HADIR'),
(842, 6, '2020-11-14', NULL, NULL, ''),
(843, 6, '2020-11-15', NULL, NULL, ''),
(844, 6, '2020-11-16', '08:00:00', '16:00:00', 'HADIR'),
(845, 6, '2020-11-17', '08:00:00', '16:00:00', 'HADIR'),
(846, 6, '2020-11-18', '08:00:00', '16:00:00', 'HADIR'),
(847, 6, '2020-11-19', '08:00:00', '16:00:00', 'HADIR'),
(848, 6, '2020-11-20', '08:00:00', '16:00:00', 'HADIR'),
(849, 6, '2020-11-21', NULL, NULL, ''),
(850, 6, '2020-11-22', NULL, NULL, ''),
(851, 6, '2020-11-23', '08:00:00', '16:00:00', 'HADIR'),
(852, 6, '2020-11-24', '08:00:00', '16:00:00', 'HADIR'),
(853, 6, '2020-11-25', '08:00:00', '16:00:00', 'HADIR'),
(854, 6, '2020-11-26', '08:00:00', '16:00:00', 'HADIR'),
(855, 6, '2020-11-27', '08:00:00', '16:00:00', 'HADIR'),
(856, 6, '2020-11-28', NULL, NULL, ''),
(857, 6, '2020-11-29', NULL, NULL, ''),
(858, 6, '2020-11-30', '08:00:00', '16:00:00', 'HADIR'),
(859, 6, '2020-12-01', '08:00:00', '16:00:00', 'HADIR'),
(860, 6, '2020-12-02', '08:00:00', '16:00:00', 'HADIR'),
(861, 6, '2020-12-03', '08:00:00', '16:00:00', 'HADIR'),
(862, 6, '2020-12-04', '08:00:00', '16:00:00', 'HADIR'),
(863, 6, '2020-12-05', NULL, NULL, ''),
(864, 6, '2020-12-06', NULL, NULL, ''),
(865, 6, '2020-12-07', '08:00:00', '16:00:00', 'HADIR'),
(866, 6, '2020-12-08', '08:00:00', '16:00:00', 'HADIR'),
(867, 6, '2020-12-09', NULL, NULL, 'LIBUR NASIONAL'),
(868, 6, '2020-12-10', '08:00:00', '16:00:00', 'HADIR'),
(869, 6, '2020-12-11', '08:00:00', '16:00:00', 'HADIR'),
(870, 6, '2020-12-12', NULL, NULL, ''),
(871, 6, '2020-12-13', NULL, NULL, ''),
(872, 6, '2020-12-14', '08:00:00', '16:00:00', 'HADIR'),
(873, 6, '2020-12-15', '08:00:00', '16:00:00', 'HADIR'),
(874, 6, '2020-12-16', '08:00:00', '16:00:00', 'HADIR'),
(875, 6, '2020-12-17', '08:00:00', '16:00:00', 'HADIR'),
(876, 6, '2020-12-18', '08:00:00', '16:00:00', 'HADIR'),
(877, 6, '2020-12-19', NULL, NULL, ''),
(878, 6, '2020-12-20', NULL, NULL, ''),
(879, 6, '2020-12-21', '08:00:00', '16:00:00', 'HADIR'),
(880, 6, '2020-12-22', '08:00:00', '16:00:00', 'HADIR'),
(881, 6, '2020-12-23', '08:00:00', '16:00:00', 'HADIR'),
(882, 6, '2020-12-24', NULL, NULL, 'LIBUR NASIONAL'),
(883, 6, '2020-12-25', NULL, NULL, 'LIBUR NASIONAL'),
(884, 6, '2020-12-26', NULL, NULL, ''),
(885, 6, '2020-12-27', NULL, NULL, ''),
(886, 6, '2020-12-28', '08:00:00', '16:00:00', 'HADIR'),
(887, 6, '2020-12-29', '08:00:00', '16:00:00', 'HADIR'),
(888, 6, '2020-12-30', '08:00:00', '16:00:00', 'HADIR'),
(889, 6, '2020-12-31', '08:00:00', '16:00:00', 'HADIR'),
(890, 6, '2021-01-01', NULL, NULL, 'LIBUR NASIONAL'),
(891, 6, '2021-01-02', NULL, NULL, ''),
(892, 6, '2021-01-03', NULL, NULL, ''),
(893, 6, '2021-01-04', '08:00:00', '16:00:00', 'HADIR'),
(894, 6, '2021-01-05', '08:00:00', '16:00:00', 'HADIR'),
(895, 6, '2021-01-06', '08:00:00', '16:00:00', 'HADIR'),
(896, 6, '2021-01-07', '08:00:00', '16:00:00', 'HADIR'),
(897, 6, '2021-01-08', '08:00:00', '16:00:00', 'HADIR'),
(898, 6, '2021-01-09', NULL, NULL, ''),
(899, 6, '2021-01-10', NULL, NULL, ''),
(900, 6, '2021-01-11', '08:00:00', '16:00:00', 'HADIR'),
(901, 6, '2021-01-12', '08:00:00', '16:00:00', 'HADIR'),
(902, 6, '2021-01-13', '08:00:00', '16:00:00', 'HADIR'),
(903, 6, '2021-01-14', '08:00:00', '16:00:00', 'HADIR'),
(904, 6, '2021-01-15', '08:00:00', '16:00:00', 'HADIR'),
(905, 6, '2021-01-16', NULL, NULL, ''),
(906, 6, '2021-01-17', NULL, NULL, ''),
(907, 6, '2021-01-18', '08:00:00', '16:00:00', 'HADIR'),
(908, 6, '2021-01-19', '08:00:00', '16:00:00', 'HADIR'),
(909, 6, '2021-01-20', '08:00:00', '16:00:00', 'HADIR'),
(910, 6, '2021-01-21', '08:00:00', '16:00:00', 'HADIR'),
(911, 6, '2021-01-22', '08:00:00', '16:00:00', 'HADIR'),
(912, 6, '2021-01-23', NULL, NULL, ''),
(913, 6, '2021-01-24', NULL, NULL, ''),
(914, 6, '2021-01-25', '08:00:00', '16:00:00', 'HADIR'),
(915, 6, '2021-01-26', '08:00:00', '16:00:00', 'HADIR'),
(916, 6, '2021-01-27', '08:00:00', '16:00:00', 'HADIR'),
(917, 6, '2021-01-28', '08:00:00', '16:00:00', 'HADIR'),
(918, 6, '2021-01-29', '08:00:00', '16:00:00', 'HADIR'),
(919, 6, '2021-01-30', NULL, NULL, ''),
(920, 6, '2021-01-31', NULL, NULL, ''),
(921, 7, '2020-11-01', NULL, NULL, ''),
(922, 7, '2020-11-02', '08:00:00', '16:00:00', 'HADIR'),
(923, 7, '2020-11-03', '08:35:00', '16:00:00', 'HADIR'),
(924, 7, '2020-11-04', NULL, NULL, 'SAKIT'),
(925, 7, '2020-11-05', '08:00:00', '16:00:00', 'HADIR'),
(926, 7, '2020-11-06', '08:00:00', '16:00:00', 'HADIR'),
(927, 7, '2020-11-07', NULL, NULL, ''),
(928, 7, '2020-11-08', NULL, NULL, ''),
(929, 7, '2020-11-09', '08:00:00', '16:00:00', 'HADIR'),
(930, 7, '2020-11-10', NULL, NULL, 'LIBUR NASIONAL'),
(931, 7, '2020-11-11', '08:00:00', '16:00:00', 'HADIR'),
(932, 7, '2020-11-12', '08:00:00', '16:00:00', 'HADIR'),
(933, 7, '2020-11-13', '08:00:00', '16:00:00', 'HADIR'),
(934, 7, '2020-11-14', NULL, NULL, ''),
(935, 7, '2020-11-15', NULL, NULL, ''),
(936, 7, '2020-11-16', '08:00:00', '16:00:00', 'HADIR'),
(937, 7, '2020-11-17', '08:00:00', '16:00:00', 'HADIR'),
(938, 7, '2020-11-18', '08:45:00', '16:00:00', 'HADIR'),
(939, 7, '2020-11-19', NULL, NULL, 'IZIN'),
(940, 7, '2020-11-20', '08:00:00', '16:00:00', 'HADIR'),
(941, 7, '2020-11-21', NULL, NULL, ''),
(942, 7, '2020-11-22', NULL, NULL, ''),
(943, 7, '2020-11-23', '08:00:00', '16:00:00', 'HADIR'),
(944, 7, '2020-11-24', '08:00:00', '16:00:00', 'HADIR'),
(945, 7, '2020-11-25', '08:00:00', '16:00:00', 'HADIR'),
(946, 7, '2020-11-26', '08:00:00', '16:00:00', 'HADIR'),
(947, 7, '2020-11-27', '08:00:00', '16:00:00', 'HADIR'),
(948, 7, '2020-11-28', NULL, NULL, ''),
(949, 7, '2020-11-29', NULL, NULL, ''),
(950, 7, '2020-11-30', '08:00:00', '16:00:00', 'HADIR'),
(951, 7, '2020-12-01', '08:00:00', '16:00:00', 'HADIR'),
(952, 7, '2020-12-02', '08:00:00', '16:00:00', 'HADIR'),
(953, 7, '2020-12-03', '08:00:00', '16:00:00', 'HADIR'),
(954, 7, '2020-12-04', '08:00:00', '16:00:00', 'HADIR'),
(955, 7, '2020-12-05', NULL, NULL, ''),
(956, 7, '2020-12-06', NULL, NULL, ''),
(957, 7, '2020-12-07', '08:00:00', '16:00:00', 'HADIR'),
(958, 7, '2020-12-08', '08:00:00', '16:00:00', 'HADIR'),
(959, 7, '2020-12-09', NULL, NULL, 'LIBUR NASIONAL'),
(960, 7, '2020-12-10', '08:00:00', '16:00:00', 'HADIR'),
(961, 7, '2020-12-11', '08:00:00', '16:00:00', 'HADIR'),
(962, 7, '2020-12-12', NULL, NULL, ''),
(963, 7, '2020-12-13', NULL, NULL, ''),
(964, 7, '2020-12-14', '08:00:00', '16:00:00', 'HADIR'),
(965, 7, '2020-12-15', '08:00:00', '16:00:00', 'HADIR'),
(966, 7, '2020-12-16', '08:00:00', '16:00:00', 'HADIR'),
(967, 7, '2020-12-17', NULL, NULL, 'SAKIT'),
(968, 7, '2020-12-18', '08:00:00', '16:00:00', 'HADIR'),
(969, 7, '2020-12-19', NULL, NULL, ''),
(970, 7, '2020-12-20', NULL, NULL, ''),
(971, 7, '2020-12-21', '08:00:00', '16:00:00', 'HADIR'),
(972, 7, '2020-12-22', '08:00:00', '16:00:00', 'HADIR'),
(973, 7, '2020-12-23', '08:00:00', '16:00:00', 'HADIR'),
(974, 7, '2020-12-24', NULL, NULL, 'LIBUR NASIONAL'),
(975, 7, '2020-12-25', NULL, NULL, 'LIBUR NASIONAL'),
(976, 7, '2020-12-26', NULL, NULL, ''),
(977, 7, '2020-12-27', NULL, NULL, ''),
(978, 7, '2020-12-28', '08:00:00', '16:00:00', 'HADIR'),
(979, 7, '2020-12-29', '08:50:00', '16:00:00', 'HADIR'),
(980, 7, '2020-12-30', '08:00:00', '16:00:00', 'HADIR'),
(981, 7, '2020-12-31', '08:00:00', '16:00:00', 'HADIR'),
(982, 7, '2021-01-01', NULL, NULL, 'LIBUR NASIONAL'),
(983, 7, '2021-01-02', NULL, NULL, ''),
(984, 7, '2021-01-03', NULL, NULL, ''),
(985, 7, '2021-01-04', '08:55:00', '16:00:00', 'HADIR'),
(986, 7, '2021-01-05', '08:00:00', '16:00:00', 'HADIR'),
(987, 7, '2021-01-06', '08:00:00', '16:00:00', 'HADIR'),
(988, 7, '2021-01-07', '08:00:00', '16:00:00', 'HADIR'),
(989, 7, '2021-01-08', '08:00:00', '16:00:00', 'HADIR'),
(990, 7, '2021-01-09', NULL, NULL, ''),
(991, 7, '2021-01-10', NULL, NULL, ''),
(992, 7, '2021-01-11', '08:00:00', '16:00:00', 'HADIR'),
(993, 7, '2021-01-12', '08:00:00', '16:00:00', 'HADIR'),
(994, 7, '2021-01-13', '08:00:00', '16:00:00', 'HADIR'),
(995, 7, '2021-01-14', '08:00:00', '16:00:00', 'HADIR'),
(996, 7, '2021-01-15', '08:00:00', '16:00:00', 'HADIR'),
(997, 7, '2021-01-16', NULL, NULL, ''),
(998, 7, '2021-01-17', NULL, NULL, ''),
(999, 7, '2021-01-18', '08:00:00', '16:00:00', 'HADIR'),
(1000, 7, '2021-01-19', '08:00:00', '16:00:00', 'HADIR'),
(1001, 7, '2021-01-20', '08:00:00', '16:00:00', 'HADIR'),
(1002, 7, '2021-01-21', NULL, NULL, 'IZIN'),
(1003, 7, '2021-01-22', '08:00:00', '16:00:00', 'HADIR'),
(1004, 7, '2021-01-23', NULL, NULL, ''),
(1005, 7, '2021-01-24', NULL, NULL, ''),
(1006, 7, '2021-01-25', '08:00:00', '16:00:00', 'HADIR'),
(1007, 7, '2021-01-26', '08:00:00', '16:00:00', 'HADIR'),
(1008, 7, '2021-01-27', '08:40:00', '16:00:00', 'HADIR'),
(1009, 7, '2021-01-28', '08:00:00', '16:00:00', 'HADIR');
INSERT INTO `presensi` (`id`, `karyawan_id`, `tanggal`, `jam_masuk`, `jam_keluar`, `keterangan`) VALUES
(1010, 7, '2021-01-29', '08:00:00', '16:00:00', 'HADIR'),
(1011, 7, '2021-01-30', NULL, NULL, ''),
(1012, 7, '2021-01-31', NULL, NULL, ''),
(1013, 8, '2020-11-01', NULL, NULL, ''),
(1014, 8, '2020-11-02', '08:00:00', '16:00:00', 'HADIR'),
(1015, 8, '2020-11-03', '08:00:00', '16:00:00', 'HADIR'),
(1016, 8, '2020-11-04', '08:00:00', '16:00:00', 'HADIR'),
(1017, 8, '2020-11-05', '08:00:00', '16:00:00', 'HADIR'),
(1018, 8, '2020-11-06', '08:35:00', '16:00:00', 'HADIR'),
(1019, 8, '2020-11-07', NULL, NULL, ''),
(1020, 8, '2020-11-08', NULL, NULL, ''),
(1021, 8, '2020-11-09', '08:00:00', '16:00:00', 'HADIR'),
(1022, 8, '2020-11-10', NULL, NULL, 'LIBUR NASIONAL'),
(1023, 8, '2020-11-11', '08:00:00', '16:00:00', 'HADIR'),
(1024, 8, '2020-11-12', '08:00:00', '16:00:00', 'HADIR'),
(1025, 8, '2020-11-13', '08:00:00', '16:00:00', 'HADIR'),
(1026, 8, '2020-11-14', NULL, NULL, ''),
(1027, 8, '2020-11-15', NULL, NULL, ''),
(1028, 8, '2020-11-16', '08:00:00', '16:00:00', 'HADIR'),
(1029, 8, '2020-11-17', '08:00:00', '16:00:00', 'HADIR'),
(1030, 8, '2020-11-18', '08:35:00', '16:00:00', 'HADIR'),
(1031, 8, '2020-11-19', '08:00:00', '16:00:00', 'HADIR'),
(1032, 8, '2020-11-20', '08:00:00', '16:00:00', 'HADIR'),
(1033, 8, '2020-11-21', NULL, NULL, ''),
(1034, 8, '2020-11-22', NULL, NULL, ''),
(1035, 8, '2020-11-23', '08:00:00', '16:00:00', 'HADIR'),
(1036, 8, '2020-11-24', '08:00:00', '16:00:00', 'HADIR'),
(1037, 8, '2020-11-25', NULL, NULL, 'IZIN'),
(1038, 8, '2020-11-26', '08:00:00', '16:00:00', 'HADIR'),
(1039, 8, '2020-11-27', '08:00:00', '16:00:00', 'HADIR'),
(1040, 8, '2020-11-28', NULL, NULL, ''),
(1041, 8, '2020-11-29', NULL, NULL, ''),
(1042, 8, '2020-11-30', '08:00:00', '16:00:00', 'HADIR'),
(1043, 8, '2020-12-01', '08:00:00', '16:00:00', 'HADIR'),
(1044, 8, '2020-12-02', NULL, NULL, 'CUTI'),
(1045, 8, '2020-12-03', NULL, NULL, 'CUTI'),
(1046, 8, '2020-12-04', '08:00:00', '16:00:00', 'HADIR'),
(1047, 8, '2020-12-05', NULL, NULL, ''),
(1048, 8, '2020-12-06', NULL, NULL, ''),
(1049, 8, '2020-12-07', '08:00:00', '16:00:00', 'HADIR'),
(1050, 8, '2020-12-08', '08:00:00', '16:00:00', 'HADIR'),
(1051, 8, '2020-12-09', NULL, NULL, 'LIBUR NASIONAL'),
(1052, 8, '2020-12-10', '08:00:00', '16:00:00', 'HADIR'),
(1053, 8, '2020-12-11', '08:00:00', '16:00:00', 'HADIR'),
(1054, 8, '2020-12-12', NULL, NULL, ''),
(1055, 8, '2020-12-13', NULL, NULL, ''),
(1056, 8, '2020-12-14', '08:37:00', '16:00:00', 'HADIR'),
(1057, 8, '2020-12-15', '08:00:00', '16:00:00', 'HADIR'),
(1058, 8, '2020-12-16', '08:00:00', '16:00:00', 'HADIR'),
(1059, 8, '2020-12-17', '08:00:00', '16:00:00', 'HADIR'),
(1060, 8, '2020-12-18', '08:00:00', '16:00:00', 'HADIR'),
(1061, 8, '2020-12-19', NULL, NULL, ''),
(1062, 8, '2020-12-20', NULL, NULL, ''),
(1063, 8, '2020-12-21', '08:00:00', '16:00:00', 'HADIR'),
(1064, 8, '2020-12-22', '08:00:00', '16:00:00', 'HADIR'),
(1065, 8, '2020-12-23', '08:00:00', '16:00:00', 'HADIR'),
(1066, 8, '2020-12-24', NULL, NULL, 'LIBUR NASIONAL'),
(1067, 8, '2020-12-25', NULL, NULL, 'LIBUR NASIONAL'),
(1068, 8, '2020-12-26', NULL, NULL, ''),
(1069, 8, '2020-12-27', NULL, NULL, ''),
(1070, 8, '2020-12-28', '08:00:00', '16:00:00', 'HADIR'),
(1071, 8, '2020-12-29', '08:00:00', '16:00:00', 'HADIR'),
(1072, 8, '2020-12-30', '08:35:00', '16:00:00', 'HADIR'),
(1073, 8, '2020-12-31', '08:00:00', '16:00:00', 'HADIR'),
(1074, 8, '2021-01-01', NULL, NULL, 'LIBUR NASIONAL'),
(1075, 8, '2021-01-02', NULL, NULL, ''),
(1076, 8, '2021-01-03', NULL, NULL, ''),
(1077, 8, '2021-01-04', '08:00:00', '16:00:00', 'HADIR'),
(1078, 8, '2021-01-05', '08:00:00', '16:00:00', 'HADIR'),
(1079, 8, '2021-01-06', NULL, NULL, 'IZIN'),
(1080, 8, '2021-01-07', '08:00:00', '16:00:00', 'HADIR'),
(1081, 8, '2021-01-08', '08:00:00', '16:00:00', 'HADIR'),
(1082, 8, '2021-01-09', NULL, NULL, ''),
(1083, 8, '2021-01-10', NULL, NULL, ''),
(1084, 8, '2021-01-11', '08:00:00', '16:00:00', 'HADIR'),
(1085, 8, '2021-01-12', '08:00:00', '16:00:00', 'HADIR'),
(1086, 8, '2021-01-13', '08:00:00', '16:00:00', 'HADIR'),
(1087, 8, '2021-01-14', '08:00:00', '16:00:00', 'HADIR'),
(1088, 8, '2021-01-15', '08:00:00', '16:00:00', 'HADIR'),
(1089, 8, '2021-01-16', NULL, NULL, ''),
(1090, 8, '2021-01-17', NULL, NULL, ''),
(1091, 8, '2021-01-18', '08:00:00', '16:00:00', 'HADIR'),
(1092, 8, '2021-01-19', '08:00:00', '16:00:00', 'HADIR'),
(1093, 8, '2021-01-20', '08:00:00', '16:00:00', 'HADIR'),
(1094, 8, '2021-01-21', '08:00:00', '16:00:00', 'HADIR'),
(1095, 8, '2021-01-22', '08:00:00', '16:00:00', 'HADIR'),
(1096, 8, '2021-01-23', NULL, NULL, ''),
(1097, 8, '2021-01-24', NULL, NULL, ''),
(1098, 8, '2021-01-25', '08:00:00', '16:00:00', 'HADIR'),
(1099, 8, '2021-01-26', NULL, NULL, 'SAKIT'),
(1100, 8, '2021-01-27', NULL, NULL, 'SAKIT'),
(1101, 8, '2021-01-28', '08:00:00', '16:00:00', 'HADIR'),
(1102, 8, '2021-01-29', '08:00:00', '16:00:00', 'HADIR'),
(1103, 8, '2021-01-30', NULL, NULL, ''),
(1104, 8, '2021-01-31', NULL, NULL, ''),
(1105, 3, '2020-11-01', NULL, NULL, ''),
(1106, 3, '2020-11-02', '08:00:00', '16:00:00', 'HADIR'),
(1107, 3, '2020-11-03', '08:00:00', '16:00:00', 'HADIR'),
(1108, 3, '2020-11-04', '08:00:00', '16:00:00', 'HADIR'),
(1109, 3, '2020-11-05', '08:00:00', '16:00:00', 'HADIR'),
(1110, 3, '2020-11-06', '08:00:00', '16:00:00', 'HADIR'),
(1111, 3, '2020-11-07', NULL, NULL, ''),
(1112, 3, '2020-11-08', NULL, NULL, ''),
(1113, 3, '2020-11-09', '08:00:00', '16:00:00', 'HADIR'),
(1114, 3, '2020-11-10', NULL, NULL, 'LIBUR NASIONAL'),
(1115, 3, '2020-11-11', '08:00:00', '16:00:00', 'HADIR'),
(1116, 3, '2020-11-12', '08:00:00', '16:00:00', 'HADIR'),
(1117, 3, '2020-11-13', '08:00:00', '16:00:00', 'HADIR'),
(1118, 3, '2020-11-14', NULL, NULL, ''),
(1119, 3, '2020-11-15', NULL, NULL, ''),
(1120, 3, '2020-11-16', '08:00:00', '16:00:00', 'HADIR'),
(1121, 3, '2020-11-17', '08:00:00', '16:00:00', 'HADIR'),
(1122, 3, '2020-11-18', '08:00:00', '16:00:00', 'HADIR'),
(1123, 3, '2020-11-19', '08:00:00', '16:00:00', 'HADIR'),
(1124, 3, '2020-11-20', '08:00:00', '16:00:00', 'HADIR'),
(1125, 3, '2020-11-21', NULL, NULL, ''),
(1126, 3, '2020-11-22', NULL, NULL, ''),
(1127, 3, '2020-11-23', '08:00:00', '16:00:00', 'HADIR'),
(1128, 3, '2020-11-24', '08:00:00', '16:00:00', 'HADIR'),
(1129, 3, '2020-11-25', '08:00:00', '16:00:00', 'HADIR'),
(1130, 3, '2020-11-26', '08:00:00', '16:00:00', 'HADIR'),
(1131, 3, '2020-11-27', '08:00:00', '16:00:00', 'HADIR'),
(1132, 3, '2020-11-28', NULL, NULL, ''),
(1133, 3, '2020-11-29', NULL, NULL, ''),
(1134, 3, '2020-11-30', '08:00:00', '16:00:00', 'HADIR'),
(1135, 3, '2020-12-01', '08:00:00', '16:00:00', 'HADIR'),
(1136, 3, '2020-12-02', '08:00:00', '16:00:00', 'HADIR'),
(1137, 3, '2020-12-03', '08:00:00', '16:00:00', 'HADIR'),
(1138, 3, '2020-12-04', '08:00:00', '16:00:00', 'HADIR'),
(1139, 3, '2020-12-05', NULL, NULL, ''),
(1140, 3, '2020-12-06', NULL, NULL, ''),
(1141, 3, '2020-12-07', '08:00:00', '16:00:00', 'HADIR'),
(1142, 3, '2020-12-08', '08:00:00', '16:00:00', 'HADIR'),
(1143, 3, '2020-12-09', NULL, NULL, 'LIBUR NASIONAL'),
(1144, 3, '2020-12-10', '08:00:00', '16:00:00', 'HADIR'),
(1145, 3, '2020-12-11', '08:00:00', '16:00:00', 'HADIR'),
(1146, 3, '2020-12-12', NULL, NULL, ''),
(1147, 3, '2020-12-13', NULL, NULL, ''),
(1148, 3, '2020-12-14', '08:00:00', '16:00:00', 'HADIR'),
(1149, 3, '2020-12-15', '08:00:00', '16:00:00', 'HADIR'),
(1150, 3, '2020-12-16', '08:00:00', '16:00:00', 'HADIR'),
(1151, 3, '2020-12-17', '08:00:00', '16:00:00', 'HADIR'),
(1152, 3, '2020-12-18', '08:00:00', '16:00:00', 'HADIR'),
(1153, 3, '2020-12-19', NULL, NULL, ''),
(1154, 3, '2020-12-20', NULL, NULL, ''),
(1155, 3, '2020-12-21', '08:00:00', '16:00:00', 'HADIR'),
(1156, 3, '2020-12-22', '08:00:00', '16:00:00', 'HADIR'),
(1157, 3, '2020-12-23', '08:00:00', '16:00:00', 'HADIR'),
(1158, 3, '2020-12-24', NULL, NULL, 'LIBUR NASIONAL'),
(1159, 3, '2020-12-25', NULL, NULL, 'LIBUR NASIONAL'),
(1160, 3, '2020-12-26', NULL, NULL, ''),
(1161, 3, '2020-12-27', NULL, NULL, ''),
(1162, 3, '2020-12-28', '08:00:00', '16:00:00', 'HADIR'),
(1163, 3, '2020-12-29', '08:00:00', '16:00:00', 'HADIR'),
(1164, 3, '2020-12-30', '08:00:00', '16:00:00', 'HADIR'),
(1165, 3, '2020-12-31', '08:00:00', '16:00:00', 'HADIR'),
(1166, 3, '2021-01-01', NULL, NULL, 'LIBUR NASIONAL'),
(1167, 3, '2021-01-02', NULL, NULL, ''),
(1168, 3, '2021-01-03', NULL, NULL, ''),
(1169, 3, '2021-01-04', '08:00:00', '16:00:00', 'HADIR'),
(1170, 3, '2021-01-05', '08:00:00', '16:00:00', 'HADIR'),
(1171, 3, '2021-01-06', '08:00:00', '16:00:00', 'HADIR'),
(1172, 3, '2021-01-07', '08:00:00', '16:00:00', 'HADIR'),
(1173, 3, '2021-01-08', '08:00:00', '16:00:00', 'HADIR'),
(1174, 3, '2021-01-09', NULL, NULL, ''),
(1175, 3, '2021-01-10', NULL, NULL, ''),
(1176, 3, '2021-01-11', '08:00:00', '16:00:00', 'HADIR'),
(1177, 3, '2021-01-12', '08:00:00', '16:00:00', 'HADIR'),
(1178, 3, '2021-01-13', '08:00:00', '16:00:00', 'HADIR'),
(1179, 3, '2021-01-14', '08:00:00', '16:00:00', 'HADIR'),
(1180, 3, '2021-01-15', '08:00:00', '16:00:00', 'HADIR'),
(1181, 3, '2021-01-16', NULL, NULL, ''),
(1182, 3, '2021-01-17', NULL, NULL, ''),
(1183, 3, '2021-01-18', '08:00:00', '16:00:00', 'HADIR'),
(1184, 3, '2021-01-19', '08:00:00', '16:00:00', 'HADIR'),
(1185, 3, '2021-01-20', '08:00:00', '16:00:00', 'HADIR'),
(1186, 3, '2021-01-21', '08:00:00', '16:00:00', 'HADIR'),
(1187, 3, '2021-01-22', '08:00:00', '16:00:00', 'HADIR'),
(1188, 3, '2021-01-23', NULL, NULL, ''),
(1189, 3, '2021-01-24', NULL, NULL, ''),
(1190, 3, '2021-01-25', '08:00:00', '16:00:00', 'HADIR'),
(1191, 3, '2021-01-26', '08:00:00', '16:00:00', 'HADIR'),
(1192, 3, '2021-01-27', '08:00:00', '16:00:00', 'HADIR'),
(1193, 3, '2021-01-28', '08:00:00', '16:00:00', 'HADIR'),
(1194, 3, '2021-01-29', '08:00:00', '16:00:00', 'HADIR'),
(1195, 3, '2021-01-30', NULL, NULL, ''),
(1196, 3, '2021-01-31', NULL, NULL, ''),
(1197, 4, '2020-11-01', NULL, NULL, ''),
(1198, 4, '2020-11-02', '08:00:00', '16:00:00', 'HADIR'),
(1199, 4, '2020-11-03', '08:35:00', '16:00:00', 'HADIR'),
(1200, 4, '2020-11-04', NULL, NULL, 'SAKIT'),
(1201, 4, '2020-11-05', '08:00:00', '16:00:00', 'HADIR'),
(1202, 4, '2020-11-06', '08:00:00', '16:00:00', 'HADIR'),
(1203, 4, '2020-11-07', NULL, NULL, ''),
(1204, 4, '2020-11-08', NULL, NULL, ''),
(1205, 4, '2020-11-09', '08:00:00', '16:00:00', 'HADIR'),
(1206, 4, '2020-11-10', NULL, NULL, 'LIBUR NASIONAL'),
(1207, 4, '2020-11-11', '08:00:00', '16:00:00', 'HADIR'),
(1208, 4, '2020-11-12', '08:00:00', '16:00:00', 'HADIR'),
(1209, 4, '2020-11-13', '08:00:00', '16:00:00', 'HADIR'),
(1210, 4, '2020-11-14', NULL, NULL, ''),
(1211, 4, '2020-11-15', NULL, NULL, ''),
(1212, 4, '2020-11-16', '08:00:00', '16:00:00', 'HADIR'),
(1213, 4, '2020-11-17', '08:00:00', '16:00:00', 'HADIR'),
(1214, 4, '2020-11-18', '08:45:00', '16:00:00', 'HADIR'),
(1215, 4, '2020-11-19', NULL, NULL, 'IZIN'),
(1216, 4, '2020-11-20', '08:00:00', '16:00:00', 'HADIR'),
(1217, 4, '2020-11-21', NULL, NULL, ''),
(1218, 4, '2020-11-22', NULL, NULL, ''),
(1219, 4, '2020-11-23', '08:00:00', '16:00:00', 'HADIR'),
(1220, 4, '2020-11-24', '08:00:00', '16:00:00', 'HADIR'),
(1221, 4, '2020-11-25', '08:00:00', '16:00:00', 'HADIR'),
(1222, 4, '2020-11-26', '08:00:00', '16:00:00', 'HADIR'),
(1223, 4, '2020-11-27', '08:00:00', '16:00:00', 'HADIR'),
(1224, 4, '2020-11-28', NULL, NULL, ''),
(1225, 4, '2020-11-29', NULL, NULL, ''),
(1226, 4, '2020-11-30', '08:00:00', '16:00:00', 'HADIR'),
(1227, 4, '2020-12-01', '08:00:00', '16:00:00', 'HADIR'),
(1228, 4, '2020-12-02', '08:00:00', '16:00:00', 'HADIR'),
(1229, 4, '2020-12-03', '08:00:00', '16:00:00', 'HADIR'),
(1230, 4, '2020-12-04', '08:00:00', '16:00:00', 'HADIR'),
(1231, 4, '2020-12-05', NULL, NULL, ''),
(1232, 4, '2020-12-06', NULL, NULL, ''),
(1233, 4, '2020-12-07', '08:00:00', '16:00:00', 'HADIR'),
(1234, 4, '2020-12-08', '08:00:00', '16:00:00', 'HADIR'),
(1235, 4, '2020-12-09', NULL, NULL, 'LIBUR NASIONAL'),
(1236, 4, '2020-12-10', '08:00:00', '16:00:00', 'HADIR'),
(1237, 4, '2020-12-11', '08:00:00', '16:00:00', 'HADIR'),
(1238, 4, '2020-12-12', NULL, NULL, ''),
(1239, 4, '2020-12-13', NULL, NULL, ''),
(1240, 4, '2020-12-14', '08:00:00', '16:00:00', 'HADIR'),
(1241, 4, '2020-12-15', '08:00:00', '16:00:00', 'HADIR'),
(1242, 4, '2020-12-16', '08:00:00', '16:00:00', 'HADIR'),
(1243, 4, '2020-12-17', NULL, NULL, 'SAKIT'),
(1244, 4, '2020-12-18', '08:00:00', '16:00:00', 'HADIR'),
(1245, 4, '2020-12-19', NULL, NULL, ''),
(1246, 4, '2020-12-20', NULL, NULL, ''),
(1247, 4, '2020-12-21', '08:00:00', '16:00:00', 'HADIR'),
(1248, 4, '2020-12-22', '08:00:00', '16:00:00', 'HADIR'),
(1249, 4, '2020-12-23', '08:00:00', '16:00:00', 'HADIR'),
(1250, 4, '2020-12-24', NULL, NULL, 'LIBUR NASIONAL'),
(1251, 4, '2020-12-25', NULL, NULL, 'LIBUR NASIONAL'),
(1252, 4, '2020-12-26', NULL, NULL, ''),
(1253, 4, '2020-12-27', NULL, NULL, ''),
(1254, 4, '2020-12-28', '08:00:00', '16:00:00', 'HADIR'),
(1255, 4, '2020-12-29', '08:50:00', '16:00:00', 'HADIR'),
(1256, 4, '2020-12-30', '08:00:00', '16:00:00', 'HADIR'),
(1257, 4, '2020-12-31', '08:00:00', '16:00:00', 'HADIR'),
(1258, 4, '2021-01-01', NULL, NULL, 'LIBUR NASIONAL'),
(1259, 4, '2021-01-02', NULL, NULL, ''),
(1260, 4, '2021-01-03', NULL, NULL, ''),
(1261, 4, '2021-01-04', '08:00:00', '16:00:00', 'HADIR'),
(1262, 4, '2021-01-05', '08:00:00', '16:00:00', 'HADIR'),
(1263, 4, '2021-01-06', '08:00:00', '16:00:00', 'HADIR'),
(1264, 4, '2021-01-07', '08:00:00', '16:00:00', 'HADIR'),
(1265, 4, '2021-01-08', '08:00:00', '16:00:00', 'HADIR'),
(1266, 4, '2021-01-09', NULL, NULL, ''),
(1267, 4, '2021-01-10', NULL, NULL, ''),
(1268, 4, '2021-01-11', '08:00:00', '16:00:00', 'HADIR'),
(1269, 4, '2021-01-12', '08:00:00', '16:00:00', 'HADIR'),
(1270, 4, '2021-01-13', '08:00:00', '16:00:00', 'HADIR'),
(1271, 4, '2021-01-14', '08:00:00', '16:00:00', 'HADIR'),
(1272, 4, '2021-01-15', '08:00:00', '16:00:00', 'HADIR'),
(1273, 4, '2021-01-16', NULL, NULL, ''),
(1274, 4, '2021-01-17', NULL, NULL, ''),
(1275, 4, '2021-01-18', '08:00:00', '16:00:00', 'HADIR'),
(1276, 4, '2021-01-19', '08:00:00', '16:00:00', 'HADIR'),
(1277, 4, '2021-01-20', '08:00:00', '16:00:00', 'HADIR'),
(1278, 4, '2021-01-21', NULL, NULL, 'IZIN'),
(1279, 4, '2021-01-22', '08:00:00', '16:00:00', 'HADIR'),
(1280, 4, '2021-01-23', NULL, NULL, ''),
(1281, 4, '2021-01-24', NULL, NULL, ''),
(1282, 4, '2021-01-25', '08:00:00', '16:00:00', 'HADIR'),
(1283, 4, '2021-01-26', '08:00:00', '16:00:00', 'HADIR'),
(1284, 4, '2021-01-27', '08:40:00', '16:00:00', 'HADIR'),
(1285, 4, '2021-01-28', '08:00:00', '16:00:00', 'HADIR'),
(1286, 4, '2021-01-29', '08:00:00', '16:00:00', 'HADIR'),
(1287, 4, '2021-01-30', NULL, NULL, ''),
(1288, 4, '2021-01-31', NULL, NULL, ''),
(1289, 5, '2020-11-01', NULL, NULL, ''),
(1290, 5, '2020-11-02', '08:00:00', '16:00:00', 'HADIR'),
(1291, 5, '2020-11-03', '08:00:00', '16:00:00', 'HADIR'),
(1292, 5, '2020-11-04', '08:00:00', '16:00:00', 'HADIR'),
(1293, 5, '2020-11-05', '08:00:00', '16:00:00', 'HADIR'),
(1294, 5, '2020-11-06', '08:35:00', '16:00:00', 'HADIR'),
(1295, 5, '2020-11-07', NULL, NULL, ''),
(1296, 5, '2020-11-08', NULL, NULL, ''),
(1297, 5, '2020-11-09', '08:00:00', '16:00:00', 'HADIR'),
(1298, 5, '2020-11-10', NULL, NULL, 'LIBUR NASIONAL'),
(1299, 5, '2020-11-11', '08:00:00', '16:00:00', 'HADIR'),
(1300, 5, '2020-11-12', '08:00:00', '16:00:00', 'HADIR'),
(1301, 5, '2020-11-13', '08:00:00', '16:00:00', 'HADIR'),
(1302, 5, '2020-11-14', NULL, NULL, ''),
(1303, 5, '2020-11-15', NULL, NULL, ''),
(1304, 5, '2020-11-16', '08:00:00', '16:00:00', 'HADIR'),
(1305, 5, '2020-11-17', '08:00:00', '16:00:00', 'HADIR'),
(1306, 5, '2020-11-18', '08:35:00', '16:00:00', 'HADIR'),
(1307, 5, '2020-11-19', '08:00:00', '16:00:00', 'HADIR'),
(1308, 5, '2020-11-20', '08:00:00', '16:00:00', 'HADIR'),
(1309, 5, '2020-11-21', NULL, NULL, ''),
(1310, 5, '2020-11-22', NULL, NULL, ''),
(1311, 5, '2020-11-23', '08:00:00', '16:00:00', 'HADIR'),
(1312, 5, '2020-11-24', '08:00:00', '16:00:00', 'HADIR'),
(1313, 5, '2020-11-25', NULL, NULL, 'SAKIT'),
(1314, 5, '2020-11-26', '08:00:00', '16:00:00', 'HADIR'),
(1315, 5, '2020-11-27', '08:00:00', '16:00:00', 'HADIR'),
(1316, 5, '2020-11-28', NULL, NULL, ''),
(1317, 5, '2020-11-29', NULL, NULL, ''),
(1318, 5, '2020-11-30', '08:00:00', '16:00:00', 'HADIR'),
(1319, 5, '2020-12-01', '08:00:00', '16:00:00', 'HADIR'),
(1320, 5, '2020-12-02', '08:00:00', '16:00:00', 'HADIR'),
(1321, 5, '2020-12-03', '08:00:00', '16:00:00', 'HADIR'),
(1322, 5, '2020-12-04', '08:00:00', '16:00:00', 'HADIR'),
(1323, 5, '2020-12-05', NULL, NULL, ''),
(1324, 5, '2020-12-06', NULL, NULL, ''),
(1325, 5, '2020-12-07', '08:00:00', '16:00:00', 'HADIR'),
(1326, 5, '2020-12-08', '08:00:00', '16:00:00', 'HADIR'),
(1327, 5, '2020-12-09', NULL, NULL, 'LIBUR NASIONAL'),
(1328, 5, '2020-12-10', '08:00:00', '16:00:00', 'HADIR'),
(1329, 5, '2020-12-11', '08:00:00', '16:00:00', 'HADIR'),
(1330, 5, '2020-12-12', NULL, NULL, ''),
(1331, 5, '2020-12-13', NULL, NULL, ''),
(1332, 5, '2020-12-14', '08:00:00', '16:00:00', 'HADIR'),
(1333, 5, '2020-12-15', '08:00:00', '16:00:00', 'HADIR'),
(1334, 5, '2020-12-16', '08:00:00', '16:00:00', 'HADIR'),
(1335, 5, '2020-12-17', '08:00:00', '16:00:00', 'HADIR'),
(1336, 5, '2020-12-18', '08:00:00', '16:00:00', 'HADIR'),
(1337, 5, '2020-12-19', NULL, NULL, ''),
(1338, 5, '2020-12-20', NULL, NULL, ''),
(1339, 5, '2020-12-21', '08:00:00', '16:00:00', 'HADIR'),
(1340, 5, '2020-12-22', '08:00:00', '16:00:00', 'HADIR'),
(1341, 5, '2020-12-23', '08:00:00', '16:00:00', 'HADIR'),
(1342, 5, '2020-12-24', NULL, NULL, 'LIBUR NASIONAL'),
(1343, 5, '2020-12-25', NULL, NULL, 'LIBUR NASIONAL'),
(1344, 5, '2020-12-26', NULL, NULL, ''),
(1345, 5, '2020-12-27', NULL, NULL, ''),
(1346, 5, '2020-12-28', '08:00:00', '16:00:00', 'HADIR'),
(1347, 5, '2020-12-29', '08:00:00', '16:00:00', 'HADIR'),
(1348, 5, '2020-12-30', '08:00:00', '16:00:00', 'HADIR'),
(1349, 5, '2020-12-31', '08:00:00', '16:00:00', 'HADIR'),
(1350, 5, '2021-01-01', NULL, NULL, 'LIBUR NASIONAL'),
(1351, 5, '2021-01-02', NULL, NULL, ''),
(1352, 5, '2021-01-03', NULL, NULL, ''),
(1353, 5, '2021-01-04', '08:00:00', '16:00:00', 'HADIR'),
(1354, 5, '2021-01-05', '08:00:00', '16:00:00', 'HADIR'),
(1355, 5, '2021-01-06', NULL, NULL, 'IZIN'),
(1356, 5, '2021-01-07', '08:00:00', '16:00:00', 'HADIR'),
(1357, 5, '2021-01-08', '08:00:00', '16:00:00', 'HADIR'),
(1358, 5, '2021-01-09', NULL, NULL, ''),
(1359, 5, '2021-01-10', NULL, NULL, ''),
(1360, 5, '2021-01-11', '08:00:00', '16:00:00', 'HADIR'),
(1361, 5, '2021-01-12', '08:00:00', '16:00:00', 'HADIR'),
(1362, 5, '2021-01-13', '08:00:00', '16:00:00', 'HADIR'),
(1363, 5, '2021-01-14', '08:00:00', '16:00:00', 'HADIR'),
(1364, 5, '2021-01-15', '08:00:00', '16:00:00', 'HADIR'),
(1365, 5, '2021-01-16', NULL, NULL, ''),
(1366, 5, '2021-01-17', NULL, NULL, ''),
(1367, 5, '2021-01-18', '08:00:00', '16:00:00', 'HADIR'),
(1368, 5, '2021-01-19', '08:00:00', '16:00:00', 'HADIR'),
(1369, 5, '2021-01-20', '08:00:00', '16:00:00', 'HADIR'),
(1370, 5, '2021-01-21', '08:00:00', '16:00:00', 'HADIR'),
(1371, 5, '2021-01-22', '08:00:00', '16:00:00', 'HADIR'),
(1372, 5, '2021-01-23', NULL, NULL, ''),
(1373, 5, '2021-01-24', NULL, NULL, ''),
(1374, 5, '2021-01-25', '08:00:00', '16:00:00', 'HADIR'),
(1375, 5, '2021-01-26', NULL, NULL, 'SAKIT'),
(1376, 5, '2021-01-27', NULL, NULL, 'SAKIT'),
(1377, 5, '2021-01-28', '08:00:00', '16:00:00', 'HADIR'),
(1378, 5, '2021-01-29', '08:00:00', '16:00:00', 'HADIR'),
(1379, 5, '2021-01-30', NULL, NULL, ''),
(1380, 5, '2021-01-31', NULL, NULL, ''),
(1381, 6, '2020-11-01', NULL, NULL, ''),
(1382, 6, '2020-11-02', '08:00:00', '16:00:00', 'HADIR'),
(1383, 6, '2020-11-03', '08:00:00', '16:00:00', 'HADIR'),
(1384, 6, '2020-11-04', '08:00:00', '16:00:00', 'HADIR'),
(1385, 6, '2020-11-05', '08:00:00', '16:00:00', 'HADIR'),
(1386, 6, '2020-11-06', '08:00:00', '16:00:00', 'HADIR'),
(1387, 6, '2020-11-07', NULL, NULL, ''),
(1388, 6, '2020-11-08', NULL, NULL, ''),
(1389, 6, '2020-11-09', '08:00:00', '16:00:00', 'HADIR'),
(1390, 6, '2020-11-10', NULL, NULL, 'LIBUR NASIONAL'),
(1391, 6, '2020-11-11', '08:00:00', '16:00:00', 'HADIR'),
(1392, 6, '2020-11-12', '08:00:00', '16:00:00', 'HADIR'),
(1393, 6, '2020-11-13', '08:00:00', '16:00:00', 'HADIR'),
(1394, 6, '2020-11-14', NULL, NULL, ''),
(1395, 6, '2020-11-15', NULL, NULL, ''),
(1396, 6, '2020-11-16', '08:00:00', '16:00:00', 'HADIR'),
(1397, 6, '2020-11-17', '08:00:00', '16:00:00', 'HADIR'),
(1398, 6, '2020-11-18', '08:00:00', '16:00:00', 'HADIR'),
(1399, 6, '2020-11-19', '08:00:00', '16:00:00', 'HADIR'),
(1400, 6, '2020-11-20', '08:00:00', '16:00:00', 'HADIR'),
(1401, 6, '2020-11-21', NULL, NULL, ''),
(1402, 6, '2020-11-22', NULL, NULL, ''),
(1403, 6, '2020-11-23', '08:00:00', '16:00:00', 'HADIR'),
(1404, 6, '2020-11-24', '08:00:00', '16:00:00', 'HADIR'),
(1405, 6, '2020-11-25', '08:00:00', '16:00:00', 'HADIR'),
(1406, 6, '2020-11-26', '08:00:00', '16:00:00', 'HADIR'),
(1407, 6, '2020-11-27', '08:00:00', '16:00:00', 'HADIR'),
(1408, 6, '2020-11-28', NULL, NULL, ''),
(1409, 6, '2020-11-29', NULL, NULL, ''),
(1410, 6, '2020-11-30', '08:00:00', '16:00:00', 'HADIR'),
(1411, 6, '2020-12-01', '08:00:00', '16:00:00', 'HADIR'),
(1412, 6, '2020-12-02', '08:00:00', '16:00:00', 'HADIR'),
(1413, 6, '2020-12-03', '08:00:00', '16:00:00', 'HADIR'),
(1414, 6, '2020-12-04', '08:00:00', '16:00:00', 'HADIR'),
(1415, 6, '2020-12-05', NULL, NULL, ''),
(1416, 6, '2020-12-06', NULL, NULL, ''),
(1417, 6, '2020-12-07', '08:00:00', '16:00:00', 'HADIR'),
(1418, 6, '2020-12-08', '08:00:00', '16:00:00', 'HADIR'),
(1419, 6, '2020-12-09', NULL, NULL, 'LIBUR NASIONAL'),
(1420, 6, '2020-12-10', '08:00:00', '16:00:00', 'HADIR'),
(1421, 6, '2020-12-11', '08:00:00', '16:00:00', 'HADIR'),
(1422, 6, '2020-12-12', NULL, NULL, ''),
(1423, 6, '2020-12-13', NULL, NULL, ''),
(1424, 6, '2020-12-14', '08:00:00', '16:00:00', 'HADIR'),
(1425, 6, '2020-12-15', '08:00:00', '16:00:00', 'HADIR'),
(1426, 6, '2020-12-16', '08:00:00', '16:00:00', 'HADIR'),
(1427, 6, '2020-12-17', '08:00:00', '16:00:00', 'HADIR'),
(1428, 6, '2020-12-18', '08:00:00', '16:00:00', 'HADIR'),
(1429, 6, '2020-12-19', NULL, NULL, ''),
(1430, 6, '2020-12-20', NULL, NULL, ''),
(1431, 6, '2020-12-21', '08:00:00', '16:00:00', 'HADIR'),
(1432, 6, '2020-12-22', '08:00:00', '16:00:00', 'HADIR'),
(1433, 6, '2020-12-23', '08:00:00', '16:00:00', 'HADIR'),
(1434, 6, '2020-12-24', NULL, NULL, 'LIBUR NASIONAL'),
(1435, 6, '2020-12-25', NULL, NULL, 'LIBUR NASIONAL'),
(1436, 6, '2020-12-26', NULL, NULL, ''),
(1437, 6, '2020-12-27', NULL, NULL, ''),
(1438, 6, '2020-12-28', '08:00:00', '16:00:00', 'HADIR'),
(1439, 6, '2020-12-29', '08:00:00', '16:00:00', 'HADIR'),
(1440, 6, '2020-12-30', '08:00:00', '16:00:00', 'HADIR'),
(1441, 6, '2020-12-31', '08:00:00', '16:00:00', 'HADIR'),
(1442, 6, '2021-01-01', NULL, NULL, 'LIBUR NASIONAL'),
(1443, 6, '2021-01-02', NULL, NULL, ''),
(1444, 6, '2021-01-03', NULL, NULL, ''),
(1445, 6, '2021-01-04', '08:00:00', '16:00:00', 'HADIR'),
(1446, 6, '2021-01-05', '08:00:00', '16:00:00', 'HADIR'),
(1447, 6, '2021-01-06', '08:00:00', '16:00:00', 'HADIR'),
(1448, 6, '2021-01-07', '08:00:00', '16:00:00', 'HADIR'),
(1449, 6, '2021-01-08', '08:00:00', '16:00:00', 'HADIR'),
(1450, 6, '2021-01-09', NULL, NULL, ''),
(1451, 6, '2021-01-10', NULL, NULL, ''),
(1452, 6, '2021-01-11', '08:00:00', '16:00:00', 'HADIR'),
(1453, 6, '2021-01-12', '08:00:00', '16:00:00', 'HADIR'),
(1454, 6, '2021-01-13', '08:00:00', '16:00:00', 'HADIR'),
(1455, 6, '2021-01-14', '08:00:00', '16:00:00', 'HADIR'),
(1456, 6, '2021-01-15', '08:00:00', '16:00:00', 'HADIR'),
(1457, 6, '2021-01-16', NULL, NULL, ''),
(1458, 6, '2021-01-17', NULL, NULL, ''),
(1459, 6, '2021-01-18', '08:00:00', '16:00:00', 'HADIR'),
(1460, 6, '2021-01-19', '08:00:00', '16:00:00', 'HADIR'),
(1461, 6, '2021-01-20', '08:00:00', '16:00:00', 'HADIR'),
(1462, 6, '2021-01-21', '08:00:00', '16:00:00', 'HADIR'),
(1463, 6, '2021-01-22', '08:00:00', '16:00:00', 'HADIR'),
(1464, 6, '2021-01-23', NULL, NULL, ''),
(1465, 6, '2021-01-24', NULL, NULL, ''),
(1466, 6, '2021-01-25', '08:00:00', '16:00:00', 'HADIR'),
(1467, 6, '2021-01-26', '08:00:00', '16:00:00', 'HADIR'),
(1468, 6, '2021-01-27', '08:00:00', '16:00:00', 'HADIR'),
(1469, 6, '2021-01-28', '08:00:00', '16:00:00', 'HADIR'),
(1470, 6, '2021-01-29', '08:00:00', '16:00:00', 'HADIR'),
(1471, 6, '2021-01-30', NULL, NULL, ''),
(1472, 6, '2021-01-31', NULL, NULL, ''),
(1473, 7, '2020-11-01', NULL, NULL, ''),
(1474, 7, '2020-11-02', '08:00:00', '16:00:00', 'HADIR'),
(1475, 7, '2020-11-03', '08:35:00', '16:00:00', 'HADIR'),
(1476, 7, '2020-11-04', NULL, NULL, 'SAKIT'),
(1477, 7, '2020-11-05', '08:00:00', '16:00:00', 'HADIR'),
(1478, 7, '2020-11-06', '08:00:00', '16:00:00', 'HADIR'),
(1479, 7, '2020-11-07', NULL, NULL, ''),
(1480, 7, '2020-11-08', NULL, NULL, ''),
(1481, 7, '2020-11-09', '08:00:00', '16:00:00', 'HADIR'),
(1482, 7, '2020-11-10', NULL, NULL, 'LIBUR NASIONAL'),
(1483, 7, '2020-11-11', '08:00:00', '16:00:00', 'HADIR'),
(1484, 7, '2020-11-12', '08:00:00', '16:00:00', 'HADIR'),
(1485, 7, '2020-11-13', '08:00:00', '16:00:00', 'HADIR'),
(1486, 7, '2020-11-14', NULL, NULL, ''),
(1487, 7, '2020-11-15', NULL, NULL, ''),
(1488, 7, '2020-11-16', '08:00:00', '16:00:00', 'HADIR'),
(1489, 7, '2020-11-17', '08:00:00', '16:00:00', 'HADIR'),
(1490, 7, '2020-11-18', '08:45:00', '16:00:00', 'HADIR'),
(1491, 7, '2020-11-19', NULL, NULL, 'IZIN'),
(1492, 7, '2020-11-20', '08:00:00', '16:00:00', 'HADIR'),
(1493, 7, '2020-11-21', NULL, NULL, ''),
(1494, 7, '2020-11-22', NULL, NULL, ''),
(1495, 7, '2020-11-23', '08:00:00', '16:00:00', 'HADIR'),
(1496, 7, '2020-11-24', '08:00:00', '16:00:00', 'HADIR'),
(1497, 7, '2020-11-25', '08:00:00', '16:00:00', 'HADIR'),
(1498, 7, '2020-11-26', '08:00:00', '16:00:00', 'HADIR'),
(1499, 7, '2020-11-27', '08:00:00', '16:00:00', 'HADIR'),
(1500, 7, '2020-11-28', NULL, NULL, ''),
(1501, 7, '2020-11-29', NULL, NULL, ''),
(1502, 7, '2020-11-30', '08:00:00', '16:00:00', 'HADIR'),
(1503, 7, '2020-12-01', '08:00:00', '16:00:00', 'HADIR'),
(1504, 7, '2020-12-02', '08:00:00', '16:00:00', 'HADIR'),
(1505, 7, '2020-12-03', '08:00:00', '16:00:00', 'HADIR'),
(1506, 7, '2020-12-04', '08:00:00', '16:00:00', 'HADIR'),
(1507, 7, '2020-12-05', NULL, NULL, ''),
(1508, 7, '2020-12-06', NULL, NULL, ''),
(1509, 7, '2020-12-07', '08:00:00', '16:00:00', 'HADIR'),
(1510, 7, '2020-12-08', '08:00:00', '16:00:00', 'HADIR'),
(1511, 7, '2020-12-09', NULL, NULL, 'LIBUR NASIONAL'),
(1512, 7, '2020-12-10', '08:00:00', '16:00:00', 'HADIR'),
(1513, 7, '2020-12-11', '08:00:00', '16:00:00', 'HADIR'),
(1514, 7, '2020-12-12', NULL, NULL, ''),
(1515, 7, '2020-12-13', NULL, NULL, ''),
(1516, 7, '2020-12-14', '08:00:00', '16:00:00', 'HADIR'),
(1517, 7, '2020-12-15', '08:00:00', '16:00:00', 'HADIR'),
(1518, 7, '2020-12-16', '08:00:00', '16:00:00', 'HADIR'),
(1519, 7, '2020-12-17', NULL, NULL, 'SAKIT'),
(1520, 7, '2020-12-18', '08:00:00', '16:00:00', 'HADIR'),
(1521, 7, '2020-12-19', NULL, NULL, ''),
(1522, 7, '2020-12-20', NULL, NULL, ''),
(1523, 7, '2020-12-21', '08:00:00', '16:00:00', 'HADIR'),
(1524, 7, '2020-12-22', '08:00:00', '16:00:00', 'HADIR'),
(1525, 7, '2020-12-23', '08:00:00', '16:00:00', 'HADIR'),
(1526, 7, '2020-12-24', NULL, NULL, 'LIBUR NASIONAL'),
(1527, 7, '2020-12-25', NULL, NULL, 'LIBUR NASIONAL'),
(1528, 7, '2020-12-26', NULL, NULL, ''),
(1529, 7, '2020-12-27', NULL, NULL, ''),
(1530, 7, '2020-12-28', '08:00:00', '16:00:00', 'HADIR'),
(1531, 7, '2020-12-29', '08:50:00', '16:00:00', 'HADIR'),
(1532, 7, '2020-12-30', '08:00:00', '16:00:00', 'HADIR'),
(1533, 7, '2020-12-31', '08:00:00', '16:00:00', 'HADIR'),
(1534, 7, '2021-01-01', NULL, NULL, 'LIBUR NASIONAL'),
(1535, 7, '2021-01-02', NULL, NULL, ''),
(1536, 7, '2021-01-03', NULL, NULL, ''),
(1537, 7, '2021-01-04', '08:55:00', '16:00:00', 'HADIR'),
(1538, 7, '2021-01-05', '08:00:00', '16:00:00', 'HADIR'),
(1539, 7, '2021-01-06', '08:00:00', '16:00:00', 'HADIR'),
(1540, 7, '2021-01-07', '08:00:00', '16:00:00', 'HADIR'),
(1541, 7, '2021-01-08', '08:00:00', '16:00:00', 'HADIR'),
(1542, 7, '2021-01-09', NULL, NULL, ''),
(1543, 7, '2021-01-10', NULL, NULL, ''),
(1544, 7, '2021-01-11', '08:00:00', '16:00:00', 'HADIR'),
(1545, 7, '2021-01-12', '08:00:00', '16:00:00', 'HADIR'),
(1546, 7, '2021-01-13', '08:00:00', '16:00:00', 'HADIR'),
(1547, 7, '2021-01-14', '08:00:00', '16:00:00', 'HADIR'),
(1548, 7, '2021-01-15', '08:00:00', '16:00:00', 'HADIR'),
(1549, 7, '2021-01-16', NULL, NULL, ''),
(1550, 7, '2021-01-17', NULL, NULL, ''),
(1551, 7, '2021-01-18', '08:00:00', '16:00:00', 'HADIR'),
(1552, 7, '2021-01-19', '08:00:00', '16:00:00', 'HADIR'),
(1553, 7, '2021-01-20', '08:00:00', '16:00:00', 'HADIR'),
(1554, 7, '2021-01-21', NULL, NULL, 'IZIN'),
(1555, 7, '2021-01-22', '08:00:00', '16:00:00', 'HADIR'),
(1556, 7, '2021-01-23', NULL, NULL, ''),
(1557, 7, '2021-01-24', NULL, NULL, ''),
(1558, 7, '2021-01-25', '08:00:00', '16:00:00', 'HADIR'),
(1559, 7, '2021-01-26', '08:00:00', '16:00:00', 'HADIR'),
(1560, 7, '2021-01-27', '08:40:00', '16:00:00', 'HADIR'),
(1561, 7, '2021-01-28', '08:00:00', '16:00:00', 'HADIR'),
(1562, 7, '2021-01-29', '08:00:00', '16:00:00', 'HADIR'),
(1563, 7, '2021-01-30', NULL, NULL, ''),
(1564, 7, '2021-01-31', NULL, NULL, ''),
(1565, 8, '2020-11-01', NULL, NULL, ''),
(1566, 8, '2020-11-02', '08:00:00', '16:00:00', 'HADIR'),
(1567, 8, '2020-11-03', '08:00:00', '16:00:00', 'HADIR'),
(1568, 8, '2020-11-04', '08:00:00', '16:00:00', 'HADIR'),
(1569, 8, '2020-11-05', '08:00:00', '16:00:00', 'HADIR'),
(1570, 8, '2020-11-06', '08:35:00', '16:00:00', 'HADIR'),
(1571, 8, '2020-11-07', NULL, NULL, ''),
(1572, 8, '2020-11-08', NULL, NULL, ''),
(1573, 8, '2020-11-09', '08:00:00', '16:00:00', 'HADIR'),
(1574, 8, '2020-11-10', NULL, NULL, 'LIBUR NASIONAL'),
(1575, 8, '2020-11-11', '08:00:00', '16:00:00', 'HADIR'),
(1576, 8, '2020-11-12', '08:00:00', '16:00:00', 'HADIR'),
(1577, 8, '2020-11-13', '08:00:00', '16:00:00', 'HADIR'),
(1578, 8, '2020-11-14', NULL, NULL, ''),
(1579, 8, '2020-11-15', NULL, NULL, ''),
(1580, 8, '2020-11-16', '08:00:00', '16:00:00', 'HADIR'),
(1581, 8, '2020-11-17', '08:00:00', '16:00:00', 'HADIR'),
(1582, 8, '2020-11-18', '08:35:00', '16:00:00', 'HADIR'),
(1583, 8, '2020-11-19', '08:00:00', '16:00:00', 'HADIR'),
(1584, 8, '2020-11-20', '08:00:00', '16:00:00', 'HADIR'),
(1585, 8, '2020-11-21', NULL, NULL, ''),
(1586, 8, '2020-11-22', NULL, NULL, ''),
(1587, 8, '2020-11-23', '08:00:00', '16:00:00', 'HADIR'),
(1588, 8, '2020-11-24', '08:00:00', '16:00:00', 'HADIR'),
(1589, 8, '2020-11-25', NULL, NULL, 'IZIN'),
(1590, 8, '2020-11-26', '08:00:00', '16:00:00', 'HADIR'),
(1591, 8, '2020-11-27', '08:00:00', '16:00:00', 'HADIR'),
(1592, 8, '2020-11-28', NULL, NULL, ''),
(1593, 8, '2020-11-29', NULL, NULL, ''),
(1594, 8, '2020-11-30', '08:00:00', '16:00:00', 'HADIR'),
(1595, 8, '2020-12-01', '08:00:00', '16:00:00', 'HADIR'),
(1596, 8, '2020-12-02', NULL, NULL, 'CUTI'),
(1597, 8, '2020-12-03', NULL, NULL, 'CUTI'),
(1598, 8, '2020-12-04', '08:00:00', '16:00:00', 'HADIR'),
(1599, 8, '2020-12-05', NULL, NULL, ''),
(1600, 8, '2020-12-06', NULL, NULL, ''),
(1601, 8, '2020-12-07', '08:00:00', '16:00:00', 'HADIR'),
(1602, 8, '2020-12-08', '08:00:00', '16:00:00', 'HADIR'),
(1603, 8, '2020-12-09', NULL, NULL, 'LIBUR NASIONAL'),
(1604, 8, '2020-12-10', '08:00:00', '16:00:00', 'HADIR'),
(1605, 8, '2020-12-11', '08:00:00', '16:00:00', 'HADIR'),
(1606, 8, '2020-12-12', NULL, NULL, ''),
(1607, 8, '2020-12-13', NULL, NULL, ''),
(1608, 8, '2020-12-14', '08:37:00', '16:00:00', 'HADIR'),
(1609, 8, '2020-12-15', '08:00:00', '16:00:00', 'HADIR'),
(1610, 8, '2020-12-16', '08:00:00', '16:00:00', 'HADIR'),
(1611, 8, '2020-12-17', '08:00:00', '16:00:00', 'HADIR'),
(1612, 8, '2020-12-18', '08:00:00', '16:00:00', 'HADIR'),
(1613, 8, '2020-12-19', NULL, NULL, ''),
(1614, 8, '2020-12-20', NULL, NULL, ''),
(1615, 8, '2020-12-21', '08:00:00', '16:00:00', 'HADIR'),
(1616, 8, '2020-12-22', '08:00:00', '16:00:00', 'HADIR'),
(1617, 8, '2020-12-23', '08:00:00', '16:00:00', 'HADIR'),
(1618, 8, '2020-12-24', NULL, NULL, 'LIBUR NASIONAL'),
(1619, 8, '2020-12-25', NULL, NULL, 'LIBUR NASIONAL'),
(1620, 8, '2020-12-26', NULL, NULL, ''),
(1621, 8, '2020-12-27', NULL, NULL, ''),
(1622, 8, '2020-12-28', '08:00:00', '16:00:00', 'HADIR'),
(1623, 8, '2020-12-29', '08:00:00', '16:00:00', 'HADIR'),
(1624, 8, '2020-12-30', '08:35:00', '16:00:00', 'HADIR'),
(1625, 8, '2020-12-31', '08:00:00', '16:00:00', 'HADIR'),
(1626, 8, '2021-01-01', NULL, NULL, 'LIBUR NASIONAL'),
(1627, 8, '2021-01-02', NULL, NULL, ''),
(1628, 8, '2021-01-03', NULL, NULL, ''),
(1629, 8, '2021-01-04', '08:00:00', '16:00:00', 'HADIR'),
(1630, 8, '2021-01-05', '08:00:00', '16:00:00', 'HADIR'),
(1631, 8, '2021-01-06', NULL, NULL, 'IZIN'),
(1632, 8, '2021-01-07', '08:00:00', '16:00:00', 'HADIR'),
(1633, 8, '2021-01-08', '08:00:00', '16:00:00', 'HADIR'),
(1634, 8, '2021-01-09', NULL, NULL, ''),
(1635, 8, '2021-01-10', NULL, NULL, ''),
(1636, 8, '2021-01-11', '08:00:00', '16:00:00', 'HADIR'),
(1637, 8, '2021-01-12', '08:00:00', '16:00:00', 'HADIR'),
(1638, 8, '2021-01-13', '08:00:00', '16:00:00', 'HADIR'),
(1639, 8, '2021-01-14', '08:00:00', '16:00:00', 'HADIR'),
(1640, 8, '2021-01-15', '08:00:00', '16:00:00', 'HADIR'),
(1641, 8, '2021-01-16', NULL, NULL, ''),
(1642, 8, '2021-01-17', NULL, NULL, ''),
(1643, 8, '2021-01-18', '08:00:00', '16:00:00', 'HADIR'),
(1644, 8, '2021-01-19', '08:00:00', '16:00:00', 'HADIR'),
(1645, 8, '2021-01-20', '08:00:00', '16:00:00', 'HADIR'),
(1646, 8, '2021-01-21', '08:00:00', '16:00:00', 'HADIR'),
(1647, 8, '2021-01-22', '08:00:00', '16:00:00', 'HADIR'),
(1648, 8, '2021-01-23', NULL, NULL, ''),
(1649, 8, '2021-01-24', NULL, NULL, ''),
(1650, 8, '2021-01-25', '08:00:00', '16:00:00', 'HADIR'),
(1651, 8, '2021-01-26', NULL, NULL, 'SAKIT'),
(1652, 8, '2021-01-27', NULL, NULL, 'SAKIT'),
(1653, 8, '2021-01-28', '08:00:00', '16:00:00', 'HADIR'),
(1654, 8, '2021-01-29', '08:00:00', '16:00:00', 'HADIR'),
(1655, 8, '2021-01-30', NULL, NULL, ''),
(1656, 8, '2021-01-31', NULL, NULL, '');

--
-- Indexes for dumped tables
--

--
-- Indeks untuk tabel `bagian`
--
ALTER TABLE `bagian`
  ADD PRIMARY KEY (`id`);

--
-- Indeks untuk tabel `bagian_karyawan`
--
ALTER TABLE `bagian_karyawan`
  ADD PRIMARY KEY (`id`);

--
-- Indeks untuk tabel `jabatan`
--
ALTER TABLE `jabatan`
  ADD PRIMARY KEY (`id`);

--
-- Indeks untuk tabel `jabatan_karyawan`
--
ALTER TABLE `jabatan_karyawan`
  ADD PRIMARY KEY (`id`);

--
-- Indeks untuk tabel `karyawan`
--
ALTER TABLE `karyawan`
  ADD PRIMARY KEY (`id`);

--
-- Indeks untuk tabel `lokasi`
--
ALTER TABLE `lokasi`
  ADD PRIMARY KEY (`id`);

--
-- Indeks untuk tabel `penggajian`
--
ALTER TABLE `penggajian`
  ADD PRIMARY KEY (`id`);

--
-- Indeks untuk tabel `pengguna`
--
ALTER TABLE `pengguna`
  ADD PRIMARY KEY (`id`);

--
-- Indeks untuk tabel `presensi`
--
ALTER TABLE `presensi`
  ADD PRIMARY KEY (`id`);

--
-- AUTO_INCREMENT untuk tabel yang dibuang
--

--
-- AUTO_INCREMENT untuk tabel `bagian`
--
ALTER TABLE `bagian`
  MODIFY `id` int(11) NOT NULL AUTO_INCREMENT, AUTO_INCREMENT=4;

--
-- AUTO_INCREMENT untuk tabel `bagian_karyawan`
--
ALTER TABLE `bagian_karyawan`
  MODIFY `id` int(11) NOT NULL AUTO_INCREMENT, AUTO_INCREMENT=7;

--
-- AUTO_INCREMENT untuk tabel `jabatan`
--
ALTER TABLE `jabatan`
  MODIFY `id` int(11) NOT NULL AUTO_INCREMENT, AUTO_INCREMENT=7;

--
-- AUTO_INCREMENT untuk tabel `jabatan_karyawan`
--
ALTER TABLE `jabatan_karyawan`
  MODIFY `id` int(11) NOT NULL AUTO_INCREMENT, AUTO_INCREMENT=18;

--
-- AUTO_INCREMENT untuk tabel `karyawan`
--
ALTER TABLE `karyawan`
  MODIFY `id` int(11) NOT NULL AUTO_INCREMENT, AUTO_INCREMENT=9;

--
-- AUTO_INCREMENT untuk tabel `lokasi`
--
ALTER TABLE `lokasi`
  MODIFY `id` int(11) NOT NULL AUTO_INCREMENT, AUTO_INCREMENT=4;

--
-- AUTO_INCREMENT untuk tabel `penggajian`
--
ALTER TABLE `penggajian`
  MODIFY `id` int(11) NOT NULL AUTO_INCREMENT, AUTO_INCREMENT=19;

--
-- AUTO_INCREMENT untuk tabel `pengguna`
--
ALTER TABLE `pengguna`
  MODIFY `id` int(11) NOT NULL AUTO_INCREMENT, AUTO_INCREMENT=9;

--
-- AUTO_INCREMENT untuk tabel `presensi`
--
ALTER TABLE `presensi`
  MODIFY `id` int(11) NOT NULL AUTO_INCREMENT, AUTO_INCREMENT=1657;
COMMIT;

/*!40101 SET CHARACTER_SET_CLIENT=@OLD_CHARACTER_SET_CLIENT */;
/*!40101 SET CHARACTER_SET_RESULTS=@OLD_CHARACTER_SET_RESULTS */;
/*!40101 SET COLLATION_CONNECTION=@OLD_COLLATION_CONNECTION */;
